;SVR;HYBRID;ARIMA;MOEX;;0;0;0;0;;;;;;;
0;0,009489991;0,005189002;0,005189002;2457,79;0;0,009489991;0,005189002;0,005189002;2457,79;0,009489991;0,005189002;0,005189002;;;;
1;0,017196101;0,012895112;0,012895112;2476,73;1;0,017196101;0,012895112;0,012895112;2476,73;0,00770611;0,00770611;0,00770611;;;;
2;0,020010295;0,015709306;0,015709306;2483,7;2;0,020010295;0,015709306;0,015709306;2483,7;0,002814195;0,002814195;0,002814195;;;;
3;0,023867444;0,019566455;0,019566455;2493,28;3;0,023867444;0,019566455;0,019566455;2493,28;0,003857149;0,003857149;0,003857149;;;;
4;0,028259249;0,02395826;0,02395826;2504,23;4;0,028259249;0,02395826;0,02395826;2504,23;0,004391805;0,004391805;0,004391805;;;;
5;0,02968883;0,025387841;0,025387841;2507,81;5;0,02968883;0,025387841;0,025387841;2507,81;0,001429581;0,001429581;0,001429581;;;;
6;0,035714008;0,031413019;0,031413019;2492,7;6;0,035714008;0,031413019;0,031413019;2492,7;0,006025177;0,006025177;0,006025177;;;;
7;0,037675736;0,033374747;0,033374747;2497,59;7;0,037675736;0,033374747;0,033374747;2497,59;0,001961728;0,001961728;0,001961728;;;;
8;0,043697541;0,039396552;0,039396552;2512,63;8;0,043697541;0,039396552;0,039396552;2512,63;0,006021805;0,006021805;0,006021805;;;;
9;0,053706973;0,049405984;0,049405984;2487,48;9;0,053706973;0,049405984;0,049405984;2487,48;0,010009432;0,010009432;0,010009432;;;;
10;0,055684879;0,05138389;0,05138389;2492,4;10;0,055684879;0,05138389;0,05138389;2492,4;0,001977905;0,001977905;0,001977905;;;;
11;0,057570611;0,053269622;0,053269622;2497,1;11;0,057570611;0,053269622;0,053269622;2497,1;0,001885733;0,001885733;0,001885733;;;;
12;0,06724183;0,062940841;0,062940841;2521,25;12;0,06724183;0,062940841;0,062940841;2521,25;0,009671219;0,009671219;0,009671219;;;;
13;0,069827849;0,06552686;0,06552686;2527,77;13;0,069827849;0,06552686;0,06552686;2527,77;0,002586019;0,002586019;0,002586019;;;;
14;0,071627854;0,067326865;0,067326865;2532,32;14;0,071627854;0,067326865;0,067326865;2532,32;0,001800006;0,001800006;0,001800006;;;;
15;0,070372089;0,0660711;0,0660711;2535,5;15;0,070372089;0,0660711;0,0660711;2535,5;-0,001255765;-0,001255765;-0,001255765;;;;
16;0,072537342;0,068236353;0,068236353;2540,99;16;0,072537342;0,068236353;0,068236353;2540,99;0,002165253;0,002165253;0,002165253;;;;
17;0,080046226;0,075745238;0,075745238;2560,07;17;0,080046226;0,075745238;0,075745238;2560,07;0,007508884;0,007508884;0,007508884;;;;
18;0,084034399;0,07973341;0,07973341;2570,28;18;0,084034399;0,07973341;0,07973341;2570,28;0,003988172;0,003988172;0,003988172;;;;
19;0,087263619;0,08296263;0,08296263;2578,58;19;0,087263619;0,08296263;0,08296263;2578,58;0,00322922;0,00322922;0,00322922;;;;
20;0,097784914;0,093483925;0,093483925;2551,45;20;0,097784914;0,093483925;0,093483925;2551,45;0,010521295;0,010521295;0,010521295;;;;
21;0,101026208;0,096725219;0,096725219;2559,72;21;0,101026208;0,096725219;0,096725219;2559,72;0,003241294;0,003241294;0,003241294;;;;
22;0,106729957;0,102428968;0,102428968;2545,12;22;0,106729957;0,102428968;0,102428968;2545,12;0,005703749;0,005703749;0,005703749;;;;
23;0,112513574;0,108212585;0,108212585;2559,84;23;0,112513574;0,108212585;0,108212585;2559,84;0,005783617;0,005783617;0,005783617;;;;
24;0,115802842;0,111501853;0,111501853;2568,26;24;0,115802842;0,111501853;0,111501853;2568,26;0,003289268;0,003289268;0,003289268;;;;
25;0,118707532;0,114406543;0,114406543;2560,8;25;0,118707532;0,114406543;0,114406543;2560,8;0,00290469;0,00290469;0,00290469;;;;
26;0,119918091;0,115617102;0,115617102;2563,9;26;0,119918091;0,115617102;0,115617102;2563,9;0,001210559;0,001210559;0,001210559;;;;
27;0,128046334;0,123745345;0,123745345;2584,74;27;0,128046334;0,123745345;0,123745345;2584,74;0,008128242;0,008128242;0,008128242;;;;
28;0,129106401;0,124805413;0,124805413;2587,48;28;0,129106401;0,124805413;0,124805413;2587,48;0,001060068;0,001060068;0,001060068;;;;
29;0,132364398;0,128063409;0,128063409;2579,05;29;0,132364398;0,128063409;0,128063409;2579,05;0,003257996;0,003257996;0,003257996;;;;
30;0,139386363;0,135085374;0,135085374;2560,94;30;0,139386363;0,135085374;0,135085374;2560,94;0,007021965;0,007021965;0,007021965;;;;
31;0,138300824;0,136170913;0,136170913;2563,72;31;0,138300824;0,136170913;0,136170913;2563,72;-0,001085539;0,001085539;0,001085539;;;;
32;0,14068408;0,138554169;0,138554169;2569,83;32;0,14068408;0,138554169;0,138554169;2569,83;0,002383256;0,002383256;0,002383256;;;;
33;0,144773845;0,142643933;0,142643933;2559,32;33;0,144773845;0,142643933;0,142643933;2559,32;0,004089765;0,004089765;0,004089765;;;;
34;0,150986432;0,148856521;0,148856521;2575,22;34;0,150986432;0,148856521;0,148856521;2575,22;0,006212588;0,006212588;0,006212588;;;;
35;0,153211485;0,151081574;0,151081574;2580,95;35;0,153211485;0,151081574;0,151081574;2580,95;0,002225053;0,002225053;0,002225053;;;;
36;0,15367643;0,150616629;0,150616629;2579,75;36;0,15367643;0,150616629;0,150616629;2579,75;0,000464945;-0,000464945;-0,000464945;;;;
37;0,159355275;0,156295473;0,156295473;2565,1;37;0,159355275;0,156295473;0,156295473;2565,1;0,005678845;0,005678845;0,005678845;;;;
38;0,16741344;0,164353639;0,164353639;2544,43;38;0,16741344;0,164353639;0,164353639;2544,43;0,008058165;0,008058165;0,008058165;;;;
39;0,179030973;0,175971172;0,175971172;2514,87;39;0,179030973;0,175971172;0,175971172;2514,87;0,011617533;0,011617533;0,011617533;;;;
40;0,181416783;0,178356981;0,178356981;2508,87;40;0,181416783;0,178356981;0,178356981;2508,87;0,002385809;0,002385809;0,002385809;;;;
41;0,20272518;0,199665379;0,199665379;2562,33;41;0,20272518;0,199665379;0,199665379;2562,33;0,021308398;0,021308398;0,021308398;;;;
42;0,205784896;0,202725094;0,202725094;2554,49;42;0,205784896;0,202725094;0,202725094;2554,49;0,003059715;0,003059715;0,003059715;;;;
43;0,216205762;0,213145961;0,213145961;2581,11;43;0,216205762;0,213145961;0,213145961;2581,11;0,010420867;0,010420867;0,010420867;;;;
44;0,217612134;0,214552333;0,214552333;2577,48;44;0,217612134;0,214552333;0,214552333;2577,48;0,001406372;0,001406372;0,001406372;;;;
45;0,219874033;0,216814232;0,216814232;2571,65;45;0,219874033;0,216814232;0,216814232;2571,65;0,002261899;0,002261899;0,002261899;;;;
46;0,237325864;0,234266062;0,234266062;2616,53;46;0,237325864;0,234266062;0,234266062;2616,53;0,017451831;0,017451831;0,017451831;;;;
47;0,24580274;0,242742938;0,242742938;2638,71;47;0,24580274;0,242742938;0,242742938;2638,71;0,008476876;0,008476876;0,008476876;;;;
48;0,253420098;0,250360297;0,250360297;2618,61;48;0,253420098;0,250360297;0,250360297;2618,61;0,007617358;0,007617358;0,007617358;;;;
49;0,253660684;0,250600882;0,250600882;2619,24;49;0,253660684;0,250600882;0,250600882;2619,24;0,000240586;0,000240586;0,000240586;;;;
50;0,248426341;0,255835225;0,255835225;2632,95;50;0,248426341;0,255835225;0,255835225;2632,95;-0,005234343;0,005234343;0,005234343;;;;
51;0,257226356;0,26463524;0,26463524;2609,78;51;0,257226356;0,26463524;0,26463524;2609,78;0,008800015;0,008800015;0,008800015;;;;
52;0,269246526;0,276655411;0,276655411;2641,15;52;0,269246526;0,276655411;0,276655411;2641,15;0,01202017;0,01202017;0,01202017;;;;
53;0,27620183;0,283610714;0,283610714;2659,52;53;0,27620183;0,283610714;0,283610714;2659,52;0,006955304;0,006955304;0,006955304;;;;
54;0,274017225;0,285795319;0,285795319;2665,33;54;0,274017225;0,285795319;0,285795319;2665,33;-0,002184605;0,002184605;0,002184605;;;;
55;0,298254374;0,310032468;0,310032468;2729,93;55;0,298254374;0,310032468;0,310032468;2729,93;0,024237149;0,024237149;0,024237149;;;;
56;0,306913937;0,318692031;0,318692031;2706,29;56;0,306913937;0,318692031;0,318692031;2706,29;0,008659563;0,008659563;0,008659563;;;;
57;0,305269619;0,317047713;0,320336348;2701,84;57;0,305269619;0,317047713;0,320336348;2701,84;-0,001644317;-0,001644317;0,001644317;;;;
58;0,315044439;0,326822533;0,330111168;2728,25;58;0,315044439;0,326822533;0,330111168;2728,25;0,00977482;0,00977482;0,00977482;;;;
59;0,315542928;0,327321021;0,330609656;2729,61;59;0,315542928;0,327321021;0,330609656;2729,61;0,000498488;0,000498488;0,000498488;;;;
60;0,320298186;0,332076279;0,335364914;2742,59;60;0,320298186;0,332076279;0,335364914;2742,59;0,004755258;0,004755258;0,004755258;;;;
61;0,323638094;0,335416188;0,338704823;2751,75;61;0,323638094;0,335416188;0,338704823;2751,75;0,003339909;0,003339909;0,003339909;;;;
62;0,326040202;0,337818296;0,341106931;2758,36;62;0,326040202;0,337818296;0,341106931;2758,36;0,002402108;0,002402108;0,002402108;;;;
63;0,319123048;0,344735449;0,348024084;2739,28;63;0,319123048;0,344735449;0,348024084;2739,28;-0,006917154;0,006917154;0,006917154;;;;
64;0,320937394;0,346549795;0,34983843;2734,31;64;0,320937394;0,346549795;0,34983843;2734,31;0,001814345;0,001814345;0,001814345;;;;
65;0,330950889;0,35656329;0,359851925;2761,69;65;0,330950889;0,35656329;0,359851925;2761,69;0,010013495;0,010013495;0,010013495;;;;
66;0,330020299;0,3556327;0,358921335;2759,12;66;0,330020299;0,3556327;0,358921335;2759,12;-0,00093059;-0,00093059;-0,00093059;;;;
67;0,337660416;0,363272817;0,366561452;2780,2;67;0,337660416;0,363272817;0,366561452;2780,2;0,007640117;0,007640117;0,007640117;;;;
68;0,344483666;0,370096068;0,373384703;2761,23;68;0,344483666;0,370096068;0,373384703;2761,23;0,00682325;0,00682325;0,00682325;;;;
69;0,34499793;0,370610331;0,373898966;2762,65;69;0,34499793;0,370610331;0,373898966;2762,65;0,000514264;0,000514264;0,000514264;;;;
70;0,348143461;0,373755862;0,377044497;2753,96;70;0,348143461;0,373755862;0,377044497;2753,96;0,003145531;0,003145531;0,003145531;;;;
71;0,355834204;0,381446605;0,38473524;2775,14;71;0,355834204;0,381446605;0,38473524;2775,14;0,007690744;0,007690744;0,007690744;;;;
72;0,357462951;0,383075352;0,386363987;2779,66;72;0,357462951;0,383075352;0,386363987;2779,66;0,001628747;0,001628747;0,001628747;;;;
73;0,362431184;0,388043585;0,39133222;2765,85;73;0,362431184;0,388043585;0,39133222;2765,85;0,004968234;0,004968234;0,004968234;;;;
74;0,375309685;0,400922086;0,404210721;2801,47;74;0,375309685;0,400922086;0,404210721;2801,47;0,0128785;0,0128785;0,0128785;;;;
75;0,372332676;0,403899094;0,407187729;2809,81;75;0,372332676;0,403899094;0,407187729;2809,81;-0,002977008;0,002977008;0,002977008;;;;
76;0,377365045;0,408931463;0,412220098;2823,95;76;0,377365045;0,408931463;0,412220098;2823,95;0,005032369;0,005032369;0,005032369;;;;
77;0,38403301;0,415599428;0,418888063;2842,78;77;0,38403301;0,415599428;0,418888063;2842,78;0,006667965;0,006667965;0,006667965;;;;
78;0,386646649;0,418213067;0,421501702;2835,35;78;0,386646649;0,418213067;0,421501702;2835,35;0,002613639;0,002613639;0,002613639;;;;
79;0,391161083;0,422727501;0,426016136;2822,55;79;0,391161083;0,422727501;0,426016136;2822,55;0,004514434;0,004514434;0,004514434;;;;
80;0,391200054;0,422766472;0,426055107;2822,66;80;0,391200054;0,422766472;0,426055107;2822,66;3,89719E-05;3,89719E-05;3,89719E-05;;;;
81;0,39116817;0,422734588;0,426023223;2822,75;81;0,39116817;0,422734588;0,426023223;2822,75;-3,18848E-05;-3,18848E-05;-3,18848E-05;;;;
82;0,40289078;0,434457199;0,437745834;2789,66;82;0,40289078;0,434457199;0,437745834;2789,66;0,011722611;0,011722611;0,011722611;;;;
83;0,407221057;0,438787475;0,44207611;2777,58;83;0,407221057;0,438787475;0,44207611;2777,58;0,004330277;0,004330277;0,004330277;;;;
84;0,414831999;0,446398417;0,449687052;2756,44;84;0,414831999;0,446398417;0,449687052;2756,44;0,007610942;0,007610942;0,007610942;;;;
85;0,41503516;0,446601578;0,449890213;2755,88;85;0,41503516;0,446601578;0,449890213;2755,88;0,000203161;0,000203161;0,000203161;;;;
86;0,430532932;0,46209935;0,465387985;2713,17;86;0,430532932;0,46209935;0,465387985;2713,17;0,015497772;0,015497772;0,015497772;;;;
87;0,434432429;0,465998848;0,469287483;2702,59;87;0,434432429;0,465998848;0,469287483;2702,59;0,003899498;0,003899498;0,003899498;;;;
88;0,433684998;0,466746279;0,468540051;2700,57;88;0,433684998;0,466746279;0,468540051;2700,57;-0,000747431;0,000747431;-0,000747431;;;;
89;0,439728167;0,472789447;0,47458322;2684,25;89;0,439728167;0,472789447;0,47458322;2684,25;0,006043169;0,006043169;0,006043169;;;;
90;0,445990624;0,479051904;0,480845677;2701,06;90;0,445990624;0,479051904;0,480845677;2701,06;0,006262457;0,006262457;0,006262457;;;;
91;0,452710208;0,485771488;0,487565261;2682,91;91;0,452710208;0,485771488;0,487565261;2682,91;0,006719584;0,006719584;0,006719584;;;;
92;0,459460341;0,492521622;0,494315394;2701,02;92;0,459460341;0,492521622;0,494315394;2701,02;0,006750133;0,006750133;0,006750133;;;;
93;0,464887921;0,497949201;0,499742974;2715,68;93;0,464887921;0,497949201;0,499742974;2715,68;0,005427579;0,005427579;0,005427579;;;;
94;0,46952396;0,502585241;0,504379013;2728,27;94;0,46952396;0,502585241;0,504379013;2728,27;0,00463604;0,00463604;0,00463604;;;;
95;0,467174486;0,504934715;0,506728487;2734,68;95;0,467174486;0,504934715;0,506728487;2734,68;-0,002349474;0,002349474;0,002349474;;;;
96;0,468937032;0,506697261;0,508491034;2739,5;96;0,468937032;0,506697261;0,508491034;2739,5;0,001762546;0,001762546;0,001762546;;;;
97;0,472616536;0,510376765;0,512170537;2729,42;97;0,472616536;0,510376765;0,512170537;2729,42;0,003679504;0,003679504;0,003679504;;;;
98;0,492591475;0,530351704;0,532145477;2674,9;98;0,492591475;0,530351704;0,532145477;2674,9;0,01997494;0,01997494;0,01997494;;;;
99;0,502214265;0,539974494;0,541768267;2649,16;99;0,502214265;0,539974494;0,541768267;2649,16;0,00962279;0,00962279;0,00962279;;;;
100;0,515120243;0,552880472;0,554674244;2683,35;100;0,515120243;0,552880472;0,554674244;2683,35;0,012905978;0,012905978;0,012905978;;;;
101;0,518239478;0,555999707;0,55779348;2674,98;101;0,518239478;0,555999707;0,55779348;2674,98;0,003119235;0,003119235;0,003119235;;;;
102;0,526355427;0,564115655;0,565909428;2696,69;102;0,526355427;0,564115655;0,565909428;2696,69;0,008115949;0,008115949;0,008115949;;;;
103;0,532652035;0,570412264;0,572206036;2679,71;103;0,532652035;0,570412264;0,572206036;2679,71;0,006296608;0,006296608;0,006296608;;;;
104;0,53646588;0,574226109;0,576019882;2689,93;104;0,53646588;0,574226109;0,576019882;2689,93;0,003813846;0,003813846;0,003813846;;;;
105;0,540112815;0,577873044;0,579666817;2680,12;105;0,540112815;0,577873044;0,579666817;2680,12;0,003646935;0,003646935;0,003646935;;;;
106;0,556186722;0,593946951;0,595740724;2637,04;106;0,556186722;0,593946951;0,595740724;2637,04;0,016073907;0,016073907;0,016073907;;;;
107;0,560532504;0,598292733;0,600086506;2625,58;107;0,560532504;0,598292733;0,600086506;2625,58;0,004345782;0,004345782;0,004345782;;;;
108;0,564485916;0,602246145;0,604039918;2615,2;108;0,564485916;0,602246145;0,604039918;2615,2;0,003953412;0,003953412;0,003953412;;;;
109;0,577062392;0,614822621;0,616616394;2648,09;109;0,577062392;0,614822621;0,616616394;2648,09;0,012576476;0,012576476;0,012576476;;;;
110;0,586408751;0,62416898;0,625962753;2672,84;110;0,586408751;0,62416898;0,625962753;2672,84;0,009346359;0,009346359;0,009346359;;;;
111;0,58682404;0,624584269;0,626378041;2673,95;111;0,58682404;0,624584269;0,626378041;2673,95;0,000415289;0,000415289;0,000415289;;;;
112;0,586382745;0,624142974;0,625936747;2675,13;112;0,586382745;0,624142974;0,625936747;2675,13;-0,000441295;-0,000441295;-0,000441295;;;;
113;0,591761923;0,629522152;0,631315925;2660,74;113;0,591761923;0,629522152;0,631315925;2660,74;0,005379178;0,005379178;0,005379178;;;;
114;0,592701511;0,63046174;0,632255513;2658,24;114;0,592701511;0,63046174;0,632255513;2658,24;0,000939588;0,000939588;0,000939588;;;;
115;0,592283942;0,630044171;0,631837943;2659,35;115;0,592283942;0,630044171;0,631837943;2659,35;-0,00041757;-0,00041757;-0,00041757;;;;
116;0,599037472;0,636797701;0,638591473;2677,31;116;0,599037472;0,636797701;0,638591473;2677,31;0,00675353;0,00675353;0,00675353;;;;
117;0,612834903;0,650595132;0,652388904;2714,25;117;0,612834903;0,650595132;0,652388904;2714,25;0,013797431;0,013797431;0,013797431;;;;
118;0,622336607;0,660096836;0,661890608;2740,04;118;0,622336607;0,660096836;0,661890608;2740,04;0,009501704;0,009501704;0,009501704;;;;
119;0,634369278;0,672129507;0,673923279;2773,01;119;0,634369278;0,672129507;0,673923279;2773,01;0,012032671;0,012032671;0,012032671;;;;
120;0,634798414;0,672558643;0,674352416;2774,2;120;0,634798414;0,672558643;0,674352416;2774,2;0,000429137;0,000429137;0,000429137;;;;
121;0,64170491;0,679465139;0,681258911;2793,36;121;0,64170491;0,679465139;0,681258911;2793,36;0,006906496;0,006906496;0,006906496;;;;
122;0,646609398;0,684369627;0,686163399;2807,06;122;0,646609398;0,684369627;0,686163399;2807,06;0,004904488;0,004904488;0,004904488;;;;
123;0,649997284;0,687757513;0,689551285;2797,55;123;0,649997284;0,687757513;0,689551285;2797,55;0,003387886;0,003387886;0,003387886;;;;
124;0,646093868;0,691660928;0,693454701;2786,63;124;0,646093868;0,691660928;0,693454701;2786,63;-0,003903415;0,003903415;0,003903415;;;;
125;0,645774486;0,691341546;0,693135319;2787,52;125;0,645774486;0,691341546;0,693135319;2787,52;-0,000319382;-0,000319382;-0,000319382;;;;
126;0,656368132;0,701935192;0,703728965;2817,05;126;0,656368132;0,701935192;0,703728965;2817,05;0,010593646;0,010593646;0,010593646;;;;
127;0,662424113;0,707991173;0,709784945;2799,99;127;0,662424113;0,707991173;0,709784945;2799,99;0,006055981;0,006055981;0,006055981;;;;
128;0,659477674;0,710937612;0,712731384;2791,74;128;0,659477674;0,710937612;0,712731384;2791,74;-0,002946439;0,002946439;0,002946439;;;;
129;0,67472981;0,726189748;0,727983521;2834,32;129;0,67472981;0,726189748;0,727983521;2834,32;0,015252137;0,015252137;0,015252137;;;;
130;0,679478745;0,730938683;0,732732456;2820,86;130;0,679478745;0,730938683;0,732732456;2820,86;0,004748934;0,004748934;0,004748934;;;;
131;0,680279919;0,731739857;0,73353363;2818,6;131;0,680279919;0,731739857;0,73353363;2818,6;0,000801174;0,000801174;0,000801174;;;;
132;0,688734471;0,740194409;0,741988182;2794,77;132;0,688734471;0,740194409;0,741988182;2794,77;0,008454552;0,008454552;0,008454552;;;;
133;0,688147661;0,739607599;0,741401371;2796,41;133;0,688147661;0,739607599;0,741401371;2796,41;-0,00058681;-0,00058681;-0,00058681;;;;
134;0,692063395;0,743523333;0,745317106;2785,46;134;0,692063395;0,743523333;0,745317106;2785,46;0,003915735;0,003915735;0,003915735;;;;
135;0,703167486;0,754627424;0,756421197;2754,53;135;0,703167486;0,754627424;0,756421197;2754,53;0,011104091;0,011104091;0,011104091;;;;
136;0,701076385;0,756718525;0,758512297;2760,29;136;0,701076385;0,756718525;0,758512297;2760,29;-0,002091101;0,002091101;0,002091101;;;;
137;0,705572289;0,761214429;0,763008202;2772,7;137;0,705572289;0,761214429;0,763008202;2772,7;0,004495904;0,004495904;0,004495904;;;;
138;0,710881194;0,766523334;0,768317106;2757,98;138;0,710881194;0,766523334;0,768317106;2757,98;0,005308905;0,005308905;0,005308905;;;;
139;0,714797104;0,770439243;0,772233016;2747,18;139;0,714797104;0,770439243;0,772233016;2747,18;0,003915909;0,003915909;0,003915909;;;;
140;0,719037816;0,774679956;0,776473728;2758,83;140;0,719037816;0,774679956;0,776473728;2758,83;0,004240712;0,004240712;0,004240712;;;;
141;0,733333731;0,788975871;0,790769644;2719,39;141;0,733333731;0,788975871;0,790769644;2719,39;0,014295915;0,014295915;0,014295915;;;;
142;0,737717067;0,793359207;0,795152979;2707,47;142;0,737717067;0,793359207;0,795152979;2707,47;0,004383336;0,004383336;0,004383336;;;;
143;0,743227747;0,798869887;0,800663659;2692,55;143;0,743227747;0,798869887;0,800663659;2692,55;0,00551068;0,00551068;0,00551068;;;;
144;0,753132855;0,808774995;0,810568768;2719,22;144;0,753132855;0,808774995;0,810568768;2719,22;0,009905109;0,009905109;0,009905109;;;;
145;0,757299491;0,812941631;0,814735404;2707,89;145;0,757299491;0,812941631;0,814735404;2707,89;0,004166636;0,004166636;0,004166636;;;;
146;0,759193955;0,814836095;0,816629868;2713,02;146;0,759193955;0,814836095;0,816629868;2713,02;0,001894464;0,001894464;0,001894464;;;;
147;0,756064601;0,817965449;0,819759222;2721,51;147;0,756064601;0,817965449;0,819759222;2721,51;-0,003129354;0,003129354;0,003129354;;;;
148;0,751126166;0,822903884;0,824697657;2708,07;148;0,751126166;0,822903884;0,824697657;2708,07;-0,004938435;0,004938435;0,004938435;;;;
149;0,755044086;0,826821803;0,828615576;2697,46;149;0,755044086;0,826821803;0,828615576;2697,46;0,003917919;0,003917919;0,003917919;;;;
150;0,761642886;0,833420604;0,835214376;2715,26;150;0,761642886;0,833420604;0,835214376;2715,26;0,0065988;0,0065988;0,0065988;;;;
151;0,772356409;0,844134127;0,845927899;2744,35;151;0,772356409;0,844134127;0,845927899;2744,35;0,010713523;0,010713523;0,010713523;;;;
152;0,773919621;0,845697338;0,847491111;2748,64;152;0,773919621;0,845697338;0,847491111;2748,64;0,001563212;0,001563212;0,001563212;;;;
153;0,775473116;0,847250834;0,849044606;2752,91;153;0,775473116;0,847250834;0,849044606;2752,91;0,001553496;0,001553496;0,001553496;;;;
154;0,778466313;0,85024403;0,852037803;2761,15;154;0,778466313;0,85024403;0,852037803;2761,15;0,002993196;0,002993196;0,002993196;;;;
155;0,793344171;0,865121889;0,866915662;2802,23;155;0,793344171;0,865121889;0,866915662;2802,23;0,014877859;0,014877859;0,014877859;;;;
156;0,800249386;0,872027104;0,873820876;2821,58;156;0,800249386;0,872027104;0,873820876;2821,58;0,006905215;0,006905215;0,006905215;;;;
157;0,819908584;0,891686302;0,893480074;2877,05;157;0,819908584;0,891686302;0,893480074;2877,05;0,019659198;0,019659198;0,019659198;;;;
158;0,821173769;0,890421117;0,89221489;2873,41;158;0,821173769;0,890421117;0,89221489;2873,41;0,001265185;-0,001265185;-0,001265185;;;;
159;0,815431463;0,896163423;0,897957196;2856,91;159;0,815431463;0,896163423;0,897957196;2856,91;-0,005742306;0,005742306;0,005742306;;;;
160;0,825781806;0,906513767;0,908307539;2886,48;160;0,825781806;0,906513767;0,908307539;2886,48;0,010350344;0,010350344;0,010350344;;;;
161;0,834328548;0,915060509;0,916854281;2911,15;161;0,834328548;0,915060509;0,916854281;2911,15;0,008546742;0,008546742;0,008546742;;;;
162;0,840226561;0,920958522;0,922752294;2893,98;162;0,840226561;0,920958522;0,922752294;2893,98;0,005898013;0,005898013;0,005898013;;;;
163;0,852811306;0,933543266;0,935337039;2930,4;163;0,852811306;0,933543266;0,935337039;2930,4;0,012584745;0,012584745;0,012584745;;;;
164;0,85934625;0,94007821;0,941871983;2949,55;164;0,85934625;0,94007821;0,941871983;2949,55;0,006534944;0,006534944;0,006534944;;;;
165;0,869954648;0,950686608;0,952480381;2980,84;165;0,869954648;0,950686608;0,952480381;2980,84;0,010608398;0,010608398;0,010608398;;;;
166;0,879247331;0,959979291;0,961773064;3008,54;166;0,879247331;0,959979291;0,961773064;3008,54;0,009292683;0,009292683;0,009292683;;;;
167;0,890997216;0,971729176;0,973522949;2973,19;167;0,890997216;0,971729176;0,973522949;2973,19;0,011749885;0,011749885;0,011749885;;;;
168;0,887051959;0,975674434;0,977468206;2961,46;168;0,887051959;0,975674434;0,977468206;2961,46;-0,003945257;0,003945257;0,003945257;;;;
169;0,883573944;0,979152448;0,980946221;2951,16;169;0,883573944;0,979152448;0,980946221;2951,16;-0,003478014;0,003478014;0,003478014;;;;
170;0,889425881;0,985004384;0,986798157;2933,89;170;0,889425881;0,985004384;0,986798157;2933,89;0,005851936;0,005851936;0,005851936;;;;
171;0,893325141;0,988903644;0,990697417;2922,45;171;0,893325141;0,988903644;0,990697417;2922,45;0,00389926;0,00389926;0,00389926;;;;
172;0,89755789;0,993136394;0,994930167;2934,82;172;0,89755789;0,993136394;0,994930167;2934,82;0,00423275;0,00423275;0,00423275;;;;
173;0,901081105;0,996659608;0,998453381;2924,48;173;0,901081105;0,996659608;0,998453381;2924,48;0,003523214;0,003523214;0,003523214;;;;
174;0,906965912;1,002544415;1,004338188;2941,69;174;0,906965912;1,002544415;1,004338188;2941,69;0,005884807;0,005884807;0,005884807;;;;
175;0,908740402;1,004318905;1,006112678;2936,47;175;0,908740402;1,004318905;1,006112678;2936,47;0,00177449;0,00177449;0,00177449;;;;
176;0,910827942;1,006406446;1,008200219;2942,6;176;0,910827942;1,006406446;1,008200219;2942,6;0,00208754;0,00208754;0,00208754;;;;
177;0,912554307;1,00813281;1,009926583;2947,68;177;0,912554307;1,00813281;1,009926583;2947,68;0,001726364;0,001726364;0,001726364;;;;
178;0,909962438;1,005540942;1,007334714;2955,32;178;0,909962438;1,005540942;1,007334714;2955,32;-0,002591869;-0,002591869;-0,002591869;;;;
179;0,918320247;1,013898751;1,015692523;2930,62;179;0,918320247;1,013898751;1,015692523;2930,62;0,008357809;0,008357809;0,008357809;;;;
180;0,917784524;1,013363028;1,0151568;2929,05;180;0,917784524;1,013363028;1,0151568;2929,05;-0,000535723;-0,000535723;-0,000535723;;;;
181;0,918289807;1,013868311;1,015662084;2927,57;181;0,918289807;1,013868311;1,015662084;2927,57;0,000505283;0,000505283;0,000505283;;;;
182;0,915625482;1,016532637;1,018326409;2935,37;182;0,915625482;1,016532637;1,018326409;2935,37;-0,002664326;0,002664326;0,002664326;;;;
183;0,910791338;1,02136678;1,023160553;2921,18;183;0,910791338;1,02136678;1,023160553;2921,18;-0,004834144;0,004834144;0,004834144;;;;
184;0,923697082;1,034272524;1,036066296;2883,48;184;0,923697082;1,034272524;1,036066296;2883,48;0,012905744;0,012905744;0,012905744;;;;
185;0,92965516;1,040230602;1,042024375;2900,66;185;0,92965516;1,040230602;1,042024375;2900,66;0,005958078;0,005958078;0,005958078;;;;
186;0,930127466;1,040702909;1,042496681;2899,29;186;0,930127466;1,040702909;1,042496681;2899,29;0,000472306;0,000472306;0,000472306;;;;
187;0,940292024;1,050867466;1,052661239;2928,76;187;0,940292024;1,050867466;1,052661239;2928,76;0,010164558;0,010164558;0,010164558;;;;
188;0,945847276;1,056422718;1,058216491;2945,03;188;0,945847276;1,056422718;1,058216491;2945,03;0,005555252;0,005555252;0,005555252;;;;
189;0,950135857;1,060711299;1,062505072;2932,4;189;0,950135857;1,060711299;1,062505072;2932,4;0,004288581;0,004288581;0,004288581;;;;
190;0,957638244;1,068213686;1,070007459;2954,4;190;0,957638244;1,068213686;1,070007459;2954,4;0,007502387;0,007502387;0,007502387;;;;
191;0,967271334;1,077846776;1,079640549;2982,86;191;0,967271334;1,077846776;1,079640549;2982,86;0,00963309;0,00963309;0,00963309;;;;
192;0,971887709;1,082463151;1,084256924;2996,63;192;0,971887709;1,082463151;1,084256924;2996,63;0,004616375;0,004616375;0,004616375;;;;
193;0,975067948;1,08564339;1,087437163;3006,16;193;0,975067948;1,08564339;1,087437163;3006,16;0,003180239;0,003180239;0,003180239;;;;
194;0,977439744;1,088015187;1,089808959;3013,29;194;0,977439744;1,088015187;1,089808959;3013,29;0,002371797;0,002371797;0,002371797;;;;
195;0,98096745;1,091542892;1,093336665;3023,92;195;0,98096745;1,091542892;1,093336665;3023,92;0,003527706;0,003527706;0,003527706;;;;
196;0,975831732;1,09667861;1,098472383;3008,39;196;0,975831732;1,09667861;1,098472383;3008,39;-0,005135718;0,005135718;0,005135718;;;;
197;0,978338056;1,099184934;1,100978707;3015,93;197;0,978338056;1,099184934;1,100978707;3015,93;0,002506324;0,002506324;0,002506324;;;;
198;0,984266576;1,105113454;1,106907226;3033,81;198;0,984266576;1,105113454;1,106907226;3033,81;0,00592852;0,00592852;0,00592852;;;;
199;0,983205204;1,106174825;1,107968598;3030,59;199;0,983205204;1,106174825;1,107968598;3030,59;-0,001061372;0,001061372;0,001061372;;;;
200;0,983287696;1,106257317;1,10805109;3030,84;200;0,983287696;1,106257317;1,10805109;3030,84;8,24922E-05;8,24922E-05;8,24922E-05;;;;
201;0,983561548;1,106531169;1,108324942;3031,67;201;0,983561548;1,106531169;1,108324942;3031,67;0,000273851;0,000273851;0,000273851;;;;
202;0,98976275;1,112732372;1,114526144;3050,47;202;0,98976275;1,112732372;1,114526144;3050,47;0,006201203;0,006201203;0,006201203;;;;
203;0,991270715;1,114240336;1,116034109;3045,87;203;0,991270715;1,114240336;1,116034109;3045,87;0,001507964;0,001507964;0,001507964;;;;
204;1,001284274;1,124253895;1,126047668;3076,37;204;1,001284274;1,124253895;1,126047668;3076,37;0,010013559;0,010013559;0,010013559;;;;
205;1,000471628;1,125066541;1,126860314;3078,87;205;1,000471628;1,125066541;1,126860314;3078,87;-0,000812646;0,000812646;0,000812646;;;;
206;1,010601968;1,135196881;1,136990654;3110,06;206;1,010601968;1,135196881;1,136990654;3110,06;0,01013034;0,01013034;0,01013034;;;;
207;1,013180696;1,13777561;1,139569382;3118,08;207;1,013180696;1,13777561;1,139569382;3118,08;0,002578728;0,002578728;0,002578728;;;;
208;1,014970259;1,139565173;1,141358945;3123,66;208;1,014970259;1,139565173;1,141358945;3123,66;0,001789563;0,001789563;0,001789563;;;;
209;1,023943707;1,14853862;1,150332393;3151,69;209;1,023943707;1,14853862;1,150332393;3151,69;0,008973448;0,008973448;0,008973448;;;;
210;1,030898706;1,155493619;1,157287392;3129,77;210;1,030898706;1,155493619;1,157287392;3129,77;0,006954999;0,006954999;0,006954999;;;;
211;1,031812511;1,156407424;1,158201197;3132,63;211;1,031812511;1,156407424;1,158201197;3132,63;0,000913805;0,000913805;0,000913805;;;;
212;1,039665337;1,164260251;1,166054023;3157,23;212;1,039665337;1,164260251;1,166054023;3157,23;0,007852827;0,007852827;0,007852827;;;;
213;1,052223814;1,176818728;1,1786125;3196,88;213;1,052223814;1,176818728;1,1786125;3196,88;0,012558477;0,012558477;0,012558477;;;;
214;1,059430841;1,184025755;1,185819527;3219,92;214;1,059430841;1,184025755;1,185819527;3219,92;0,007207027;0,007207027;0,007207027;;;;
215;1,062753905;1,187348818;1,189142591;3209,22;215;1,062753905;1,187348818;1,189142591;3209,22;0,003323064;0,003323064;0,003323064;;;;
216;1,073535341;1,198130254;1,199924027;3174,62;216;1,073535341;1,198130254;1,199924027;3174,62;0,010781436;0,010781436;0,010781436;;;;
217;1,084062585;1,208657499;1,210451271;3141,2;217;1,084062585;1,208657499;1,210451271;3141,2;0,010527244;0,010527244;0,010527244;;;;
218;1,085654334;1,210249247;1,21204302;3146,2;218;1,085654334;1,210249247;1,21204302;3146,2;0,001591748;0,001591748;0,001591748;;;;
219;1,105055516;1,229650429;1,231444202;3085,16;219;1,105055516;1,229650429;1,231444202;3085,16;0,019401182;0,019401182;0,019401182;;;;
220;1,114111772;1,238706686;1,240500459;3113,1;220;1,114111772;1,238706686;1,240500459;3113,1;0,009056256;0,009056256;0,009056256;;;;
221;1,119154977;1,24374989;1,245543663;3128,8;221;1,119154977;1,24374989;1,245543663;3128,8;0,005043205;0,005043205;0,005043205;;;;
222;1,125617519;1,250212432;1,252006205;3108,58;222;1,125617519;1,250212432;1,252006205;3108,58;0,006462542;0,006462542;0,006462542;;;;
223;1,13588909;1,260484003;1,262277776;3076,65;223;1,13588909;1,260484003;1,262277776;3076,65;0,010271571;0,010271571;0,010271571;;;;
224;1,137777507;1,26237242;1,264166193;3070,84;224;1,137777507;1,26237242;1,264166193;3070,84;0,001888418;0,001888418;0,001888418;;;;
225;1,146491735;1,271086648;1,272880421;3097,6;225;1,146491735;1,271086648;1,272880421;3097,6;0,008714228;0,008714228;0,008714228;;;;
226;1,151866864;1,276461778;1,27825555;3114,25;226;1,151866864;1,276461778;1,27825555;3114,25;0,005375129;0,005375129;0,005375129;;;;
227;1,157508672;1,282103585;1,283897358;3096,68;227;1,157508672;1,282103585;1,283897358;3096,68;0,005641808;0,005641808;0,005641808;;;;
228;1,160431157;1,28502607;1,286819843;3087,63;228;1,160431157;1,28502607;1,286819843;3087,63;0,002922485;0,002922485;0,002922485;;;;
229;1,168599234;1,293194147;1,29498792;3062,41;229;1,168599234;1,293194147;1,29498792;3062,41;0,008168077;0,008168077;0,008168077;;;;
230;1,180083653;1,304678566;1,306472339;3097,58;230;1,180083653;1,304678566;1,306472339;3097,58;0,011484419;0,011484419;0,011484419;;;;
231;1,188054392;1,312649305;1,314443078;3122,27;231;1,188054392;1,312649305;1,314443078;3122,27;0,007970738;0,007970738;0,007970738;;;;
232;1,191968211;1,316563124;1,318356897;3110,05;232;1,191968211;1,316563124;1,318356897;3110,05;0,003913819;0,003913819;0,003913819;;;;
233;1,196202869;1,320797783;1,322591555;3096,88;233;1,196202869;1,320797783;1,322591555;3096,88;0,004234659;0,004234659;0,004234659;;;;
234;1,200458765;1,325053679;1,326847452;3110,06;234;1,200458765;1,325053679;1,326847452;3110,06;0,004255896;0,004255896;0,004255896;;;;
235;1,21203732;1,336632234;1,338426006;3074,05;235;1,21203732;1,336632234;1,338426006;3074,05;0,011578555;0,011578555;0,011578555;;;;
236;1,225218628;1,349813542;1,351607314;3114,57;236;1,225218628;1,349813542;1,351607314;3114,57;0,013181308;0,013181308;0,013181308;;;;
237;1,228599512;1,353194426;1,354988198;3125,1;237;1,228599512;1,353194426;1,354988198;3125,1;0,003380884;0,003380884;0,003380884;;;;
238;1,234701717;1,35929663;1,361090403;3106,03;238;1,234701717;1,35929663;1,361090403;3106,03;0,006102205;0,006102205;0,006102205;;;;
239;1,267975703;1,392570617;1,394364389;3002,68;239;1,267975703;1,392570617;1,394364389;3002,68;0,033273986;0,033273986;0,033273986;;;;
240;1,263066755;1,387661669;1,389455441;3017,42;240;1,263066755;1,387661669;1,389455441;3017,42;-0,004908948;-0,004908948;-0,004908948;;;;
241;1,296731277;1,42132619;1,423119963;2915,84;241;1,296731277;1,42132619;1,423119963;2915,84;0,033664521;0,033664521;0,033664521;;;;
242;1,341575987;1,4661709;1,467964673;2785,08;242;1,341575987;1,4661709;1,467964673;2785,08;0,04484471;0,04484471;0,04484471;;;;
243;1,334642614;1,473104274;1,474898047;2765,77;243;1,334642614;1,473104274;1,474898047;2765,77;-0,006933374;0,006933374;0,006933374;;;;
244;1,354745514;1,493207175;1,495000947;2821,37;244;1,354745514;1,493207175;1,495000947;2821,37;0,020102901;0,020102901;0,020102901;;;;
245;1,357098981;1,495560641;1,497354414;2828,01;245;1,357098981;1,495560641;1,497354414;2828,01;0,002353467;0,002353467;0,002353467;;;;
246;1,36109826;1,49955992;1,501353693;2816,7;246;1,36109826;1,49955992;1,501353693;2816,7;0,003999279;0,003999279;0,003999279;;;;
247;1,395603177;1,534064837;1,53585861;2719,51;247;1,395603177;1,534064837;1,53585861;2719,51;0,034504917;0,034504917;0,034504917;;;;
248;1,4767097;1,61517136;1,616965133;2498,94;248;1,4767097;1,61517136;1,616965133;2498,94;0,081106523;0,081106523;0,081106523;;;;
249;1,479134728;1,617596388;1,619390161;2492,88;249;1,479134728;1,617596388;1,619390161;2492,88;0,002425028;0,002425028;0,002425028;;;;
250;1,561962622;1,700424282;1,702218055;2286,4;250;1,561962622;1,700424282;1,702218055;2286,4;0,082827894;0,082827894;0,082827894;;;;
251;1,575074938;1,687311966;1,689105738;2316,38;251;1,575074938;1,687311966;1,689105738;2316,38;0,013112316;-0,013112316;-0,013112316;;;;
252;1,596435855;1,708672882;1,710466655;2266,9;252;1,596435855;1,708672882;1,710466655;2266,9;0,021360917;0,021360917;0,021360917;;;;
253;1,577837769;1,690074797;1,69186857;2224,74;253;1,577837769;1,690074797;1,69186857;2224,74;-0,018598085;-0,018598085;-0,018598085;;;;
254;1,62822568;1,740462707;1,74225648;2112,64;254;1,62822568;1,740462707;1,74225648;2112,64;0,05038791;0,05038791;0,05038791;;;;
255;1,70540873;1,817645758;1,819439531;2275,7;255;1,70540873;1,817645758;1,819439531;2275,7;0,077183051;0,077183051;0,077183051;;;;
256;1,729976995;1,842214023;1,844007795;2331,61;256;1,729976995;1,842214023;1,844007795;2331,61;0,024568265;0,024568265;0,024568265;;;;
257;1,763541785;1,875778813;1,877572585;2253,35;257;1,763541785;1,875778813;1,877572585;2253,35;0,03356479;0,03356479;0,03356479;;;;
258;1,83570989;1,947946918;1,949740691;2415,97;258;1,83570989;1,947946918;1,949740691;2415,97;0,072168105;0,072168105;0,072168105;;;;
259;1,850908754;1,963145782;1,964939555;2452,69;259;1,850908754;1,963145782;1,964939555;2452,69;0,015198864;0,015198864;0,015198864;;;;
260;1,866108392;1,97834542;1,980139193;2489,97;260;1,866108392;1,97834542;1,980139193;2489,97;0,015199638;0,015199638;0,015199638;;;;
261;1,901795569;2,014032597;2,01582637;2401,11;261;1,901795569;2,014032597;2,01582637;2401,11;0,035687177;0,035687177;0,035687177;;;;
262;1,915222692;2,000605474;2,002399246;2433,35;262;1,915222692;2,000605474;2,002399246;2433,35;0,013427123;-0,013427123;-0,013427123;;;;
263;1,946233439;2,03161622;2,033409993;2508,81;263;1,946233439;2,03161622;2,033409993;2508,81;0,031010747;0,031010747;0,031010747;;;;
264;1,960263995;2,045646777;2,047440549;2473,61;264;1,960263995;2,045646777;2,047440549;2473,61;0,014030556;0,014030556;0,014030556;;;;
265;1,989508702;2,074891484;2,076685256;2545,95;265;1,989508702;2,074891484;2,076685256;2545,95;0,029244707;0,029244707;0,029244707;;;;
266;1,999830979;2,08521376;2,087007533;2572,23;266;1,999830979;2,08521376;2,087007533;2572,23;0,010322277;0,010322277;0,010322277;;;;
267;2,019409322;2,104792103;2,106585875;2622,59;267;2,019409322;2,104792103;2,106585875;2622,59;0,019578343;0,019578343;0,019578343;;;;
268;2,024042146;2,109424928;2,1112187;2634,74;268;2,024042146;2,109424928;2,1112187;2634,74;0,004632825;0,004632825;0,004632825;;;;
269;2,037470416;2,122853198;2,12464697;2670,12;269;2,037470416;2,122853198;2,12464697;2670,12;0,01342827;0,01342827;0,01342827;;;;
270;2,049323816;2,134706597;2,13650037;2701,77;270;2,049323816;2,134706597;2,13650037;2701,77;0,0118534;0,0118534;0,0118534;;;;
271;2,05817357;2,125856843;2,127650616;2677,86;271;2,05817357;2,125856843;2,127650616;2677,86;0,008849754;-0,008849754;-0,008849754;;;;
272;2,076475498;2,144158771;2,145952544;2628,85;272;2,076475498;2,144158771;2,145952544;2628,85;0,018301928;0,018301928;0,018301928;;;;
273;2,077609073;2,143025195;2,144818968;2631,83;273;2,077609073;2,143025195;2,144818968;2631,83;0,001133576;-0,001133576;-0,001133576;;;;
274;2,128102456;2,193518578;2,195312351;2498,94;274;2,128102456;2,193518578;2,195312351;2498,94;0,050493383;0,050493383;0,050493383;;;;
275;2,13454919;2,187071845;2,188865618;2515,05;275;2,13454919;2,187071845;2,188865618;2515,05;0,006446733;-0,006446733;-0,006446733;;;;
276;2,142469509;2,194992165;2,196785937;2534,97;276;2,142469509;2,194992165;2,196785937;2534,97;0,00792032;0,00792032;0,00792032;;;;
277;2,146019847;2,198542503;2,200336275;2525,97;277;2,146019847;2,198542503;2,200336275;2525,97;0,003550338;0,003550338;0,003550338;;;;
278;2,161043779;2,213566434;2,215360207;2488,02;278;2,161043779;2,213566434;2,215360207;2488,02;0,015023931;0,015023931;0,015023931;;;;
279;2,195364242;2,247886898;2,24968067;2573,41;279;2,195364242;2,247886898;2,24968067;2573,41;0,034320464;0,034320464;0,034320464;;;;
280;2,205467568;2,257990224;2,259783996;2599,41;280;2,205467568;2,257990224;2,259783996;2599,41;0,010103326;0,010103326;0,010103326;;;;
281;2,219847755;2,27237041;2,274164182;2562,03;281;2,219847755;2,27237041;2,274164182;2562,03;0,014380186;0,014380186;0,014380186;;;;
282;2,223313756;2,268904408;2,270698181;2570,91;282;2,223313756;2,268904408;2,270698181;2570,91;0,003466002;-0,003466002;-0,003466002;;;;
283;2,239389776;2,284980428;2,286774201;2612,24;283;2,239389776;2,284980428;2,286774201;2612,24;0,01607602;0,01607602;0,01607602;;;;
284;2,258874969;2,304465621;2,306259393;2663,14;284;2,258874969;2,304465621;2,306259393;2663,14;0,019485193;0,019485193;0,019485193;;;;
285;2,263598716;2,299741874;2,301535646;2650,56;285;2,263598716;2,299741874;2,301535646;2650,56;0,004723747;-0,004723747;-0,004723747;;;;
286;2,273377781;2,309520939;2,311314712;2624,64;286;2,273377781;2,309520939;2,311314712;2624,64;0,009779066;0,009779066;0,009779066;;;;
287;2,284377385;2,320520543;2,322314316;2653,51;287;2,284377385;2,320520543;2,322314316;2653,51;0,010999604;0,010999604;0,010999604;;;;
288;2,292445943;2,328589101;2,330382874;2632,1;288;2,292445943;2,328589101;2,330382874;2632,1;0,008068558;0,008068558;0,008068558;;;;
289;2,2931678;2,327867244;2,329661017;2634;289;2,2931678;2,327867244;2,329661017;2634;0,000721857;-0,000721857;-0,000721857;;;;
290;2,290301438;2,325000881;2,326794654;2641,55;290;2,290301438;2,325000881;2,326794654;2641,55;-0,002866363;-0,002866363;-0,002866363;;;;
291;2,290486935;2,325186378;2,326980151;2642,04;291;2,290486935;2,325186378;2,326980151;2642,04;0,000185497;0,000185497;0,000185497;;;;
292;2,304513974;2,339213418;2,341007191;2604,98;292;2,304513974;2,339213418;2,341007191;2604,98;0,01402704;0,01402704;0,01402704;;;;
293;2,310145496;2,344844939;2,346638712;2590,31;293;2,310145496;2,344844939;2,346638712;2590,31;0,005631521;0,005631521;0,005631521;;;;
294;2,311535291;2,346234734;2,348028507;2593,91;294;2,311535291;2,346234734;2,348028507;2593,91;0,001389795;0,001389795;0,001389795;;;;
295;2,350218206;2,384917649;2,386711422;2694,25;295;2,350218206;2,384917649;2,386711422;2694,25;0,038682915;0,038682915;0,038682915;;;;
296;2,343734026;2,391401829;2,393195601;2711,72;296;2,343734026;2,391401829;2,393195601;2711,72;-0,006484179;0,006484179;0,006484179;;;;
297;2,365517249;2,413185051;2,414978824;2770,79;297;2,365517249;2,413185051;2,414978824;2770,79;0,021783222;0,021783222;0,021783222;;;;
298;2,384327768;2,431995571;2,433789343;2718,67;298;2,384327768;2,431995571;2,433789343;2718,67;0,01881052;0,01881052;0,01881052;;;;
299;2,387744881;2,435412683;2,437206455;2709,38;299;2,387744881;2,435412683;2,437206455;2709,38;0,003417112;0,003417112;0,003417112;;;;
300;2,405664109;2,453331912;2,455125684;2757,93;300;2,405664109;2,453331912;2,455125684;2757,93;0,017919229;0,017919229;0,017919229;;;;
301;2,404253631;2,451921433;2,453715206;2754,04;301;2,404253631;2,451921433;2,453715206;2754,04;-0,001410478;-0,001410478;-0,001410478;;;;
302;2,408981231;2,456649034;2,458442806;2741,02;302;2,408981231;2,456649034;2,458442806;2741,02;0,0047276;0,0047276;0,0047276;;;;
303;2,423194918;2,47086272;2,472656493;2779,98;303;2,423194918;2,47086272;2,472656493;2779,98;0,014213687;0,014213687;0,014213687;;;;
304;2,439436042;2,487103844;2,488897617;2734,83;304;2,439436042;2,487103844;2,488897617;2734,83;0,016241124;0,016241124;0,016241124;;;;
305;2,445070762;2,492738564;2,494532337;2750,24;305;2,445070762;2,492738564;2,494532337;2750,24;0,00563472;0,00563472;0,00563472;;;;
306;2,461894748;2,50956255;2,511356323;2796,51;306;2,461894748;2,50956255;2,511356323;2796,51;0,016823986;0,016823986;0,016823986;;;;
307;2,474256585;2,521924387;2,52371816;2831,08;307;2,474256585;2,521924387;2,52371816;2831,08;0,012361837;0,012361837;0,012361837;;;;
308;2,497152441;2,544820243;2,546614016;2766,26;308;2,497152441;2,544820243;2,546614016;2766,26;0,022895856;0,022895856;0,022895856;;;;
309;2,506724932;2,554392734;2,556186507;2792,74;309;2,506724932;2,554392734;2,556186507;2792,74;0,009572491;0,009572491;0,009572491;;;;
310;2,507999666;2,553118001;2,557461241;2796,3;310;2,507999666;2,553118001;2,557461241;2796,3;0,001274734;-0,001274734;0,001274734;;;;
311;2,508142712;2,553261047;2,557604287;2795,9;311;2,508142712;2,553261047;2,557604287;2795,9;0,000143046;0,000143046;0,000143046;;;;
312;2,511976898;2,549426861;2,553770101;2785,18;312;2,511976898;2,549426861;2,553770101;2785,18;0,003834186;-0,003834186;-0,003834186;;;;
313;2,526834106;2,564284069;2,56862731;2743,8;313;2,526834106;2,564284069;2,56862731;2743,8;0,014857209;0,014857209;0,014857209;;;;
314;2,535850799;2,573300762;2,577644002;2719,06;314;2,535850799;2,573300762;2,577644002;2719,06;0,009016692;0,009016692;0,009016692;;;;
315;2,546604515;2,584054478;2,588397718;2748,3;315;2,546604515;2,584054478;2,588397718;2748,3;0,010753716;0,010753716;0,010753716;;;;
316;2,549588178;2,587038141;2,591381381;2740,1;316;2,549588178;2,587038141;2,591381381;2740,1;0,002983663;0,002983663;0,002983663;;;;
317;2,555343442;2,592793405;2,597136645;2724,33;317;2,555343442;2,592793405;2,597136645;2724,33;0,005755264;0,005755264;0,005755264;;;;
318;2,567948376;2,605398339;2,609741579;2758,67;318;2,567948376;2,605398339;2,609741579;2758,67;0,012604934;0,012604934;0,012604934;;;;
319;2,566273656;2,607073059;2,611416299;2763,29;319;2,566273656;2,607073059;2,611416299;2763,29;-0,00167472;0,00167472;0,00167472;;;;
320;2,576652588;2,617451992;2,621795232;2791,97;320;2,576652588;2,617451992;2,621795232;2791,97;0,010378932;0,010378932;0,010378932;;;;
321;2,587834657;2,62863406;2,6329773;2760,75;321;2,587834657;2,62863406;2,6329773;2760,75;0,011182069;0,011182069;0,011182069;;;;
322;2,588193255;2,628275462;2,632618702;2761,74;322;2,588193255;2,628275462;2,632618702;2761,74;0,000358598;-0,000358598;-0,000358598;;;;
323;2,590441837;2,630524044;2,634867285;2767,95;323;2,590441837;2,630524044;2,634867285;2767,95;0,002248582;0,002248582;0,002248582;;;;
324;2,599383473;2,63946568;2,64380892;2743,2;324;2,599383473;2,63946568;2,64380892;2743,2;0,008941636;0,008941636;0,008941636;;;;
325;2,61600275;2,656084957;2,660428197;2788,79;325;2,61600275;2,656084957;2,660428197;2788,79;0,016619277;0,016619277;0,016619277;;;;
326;2,620617654;2,660699861;2,665043101;2801,66;326;2,620617654;2,660699861;2,665043101;2801,66;0,004614905;0,004614905;0,004614905;;;;
327;2,63258199;2,672664197;2,677007437;2835,18;327;2,63258199;2,672664197;2,677007437;2835,18;0,011964335;0,011964335;0,011964335;;;;
328;2,636098521;2,676180728;2,680523968;2825,21;328;2,636098521;2,676180728;2,680523968;2825,21;0,003516532;0,003516532;0,003516532;;;;
329;2,639418629;2,679500835;2,683844076;2815,83;329;2,639418629;2,679500835;2,683844076;2815,83;0,003320107;0,003320107;0,003320107;;;;
330;2,65128014;2,691362347;2,695705587;2782,43;330;2,65128014;2,691362347;2,695705587;2782,43;0,011861512;0,011861512;0,011861512;;;;
331;2,657932599;2,698014805;2,702358046;2800,94;331;2,657932599;2,698014805;2,702358046;2800,94;0,006652458;0,006652458;0,006652458;;;;
332;2,670124934;2,710207141;2,714550381;2766,79;332;2,670124934;2,710207141;2,714550381;2766,79;0,012192335;0,012192335;0,012192335;;;;
333;2,678166744;2,718248951;2,722592191;2744,54;333;2,678166744;2,718248951;2,722592191;2744,54;0,00804181;0,00804181;0,00804181;;;;
334;2,679394637;2,719476844;2,723820084;2747,91;334;2,679394637;2,719476844;2,723820084;2747,91;0,001227892;0,001227892;0,001227892;;;;
335;2,67499129;2,715073497;2,719416737;2760,01;335;2,67499129;2,715073497;2,719416737;2760,01;-0,004403347;-0,004403347;-0,004403347;;;;
336;2,680346343;2,72042855;2,72477179;2774,79;336;2,680346343;2,72042855;2,72477179;2774,79;0,005355053;0,005355053;0,005355053;;;;
337;2,690238984;2,730321191;2,734664431;2802,24;337;2,690238984;2,730321191;2,734664431;2802,24;0,009892641;0,009892641;0,009892641;;;;
338;2,698614426;2,738696633;2,743039873;2825,71;338;2,698614426;2,738696633;2,743039873;2825,71;0,008375443;0,008375443;0,008375443;;;;
339;2,69545062;2,74186044;2,74620368;2834,65;339;2,69545062;2,74186044;2,74620368;2834,65;-0,003163807;0,003163807;0,003163807;;;;
340;2,701497221;2,747907042;2,752250282;2851,79;340;2,701497221;2,747907042;2,752250282;2851,79;0,006046602;0,006046602;0,006046602;;;;
341;2,697524278;2,751879985;2,756223225;2863,12;341;2,697524278;2,751879985;2,756223225;2863,12;-0,003972943;0,003972943;0,003972943;;;;
342;2,705124379;2,759480085;2,763823326;2884,88;342;2,705124379;2,759480085;2,763823326;2884,88;0,007600101;0,007600101;0,007600101;;;;
343;2,708788309;2,763144016;2,767487256;2895,45;343;2,708788309;2,763144016;2,767487256;2895,45;0,003663931;0,003663931;0,003663931;;;;
344;2,716721446;2,771077152;2,775420393;2918,42;344;2,716721446;2,771077152;2,775420393;2918,42;0,007933136;0,007933136;0,007933136;;;;
345;2,728984931;2,783340638;2,787683878;2882,63;345;2,728984931;2,783340638;2,787683878;2882,63;0,012263485;0,012263485;0,012263485;;;;
346;2,739024374;2,793380081;2,797723321;2911,57;346;2,739024374;2,793380081;2,797723321;2911,57;0,010039443;0,010039443;0,010039443;;;;
347;2,745343988;2,799699695;2,804042935;2929,97;347;2,745343988;2,799699695;2,804042935;2929,97;0,006319615;0,006319615;0,006319615;;;;
348;2,74892423;2,803279937;2,807623177;2940,46;348;2,74892423;2,803279937;2,807623177;2940,46;0,003580241;0,003580241;0,003580241;;;;
349;2,766717364;2,821073071;2,825416311;2992,78;349;2,766717364;2,821073071;2,825416311;2992,78;0,017793134;0,017793134;0,017793134;;;;
350;2,768147473;2,819642963;2,823986203;2988,5;350;2,768147473;2,819642963;2,823986203;2988,5;0,001430108;-0,001430108;-0,001430108;;;;
351;2,773551522;2,825047011;2,829390252;2972,35;351;2,773551522;2,825047011;2,829390252;2972,35;0,005404049;0,005404049;0,005404049;;;;
352;2,769658979;2,828939554;2,833282795;2960,78;352;2,769658979;2,828939554;2,833282795;2960,78;-0,003892543;0,003892543;0,003892543;;;;
353;2,784807014;2,84408759;2,84843083;3005,63;353;2,784807014;2,84408759;2,84843083;3005,63;0,015148035;0,015148035;0,015148035;;;;
354;2,800896819;2,860177394;2,864520635;3053,99;354;2,800896819;2,860177394;2,864520635;3053,99;0,016089805;0,016089805;0,016089805;;;;
355;2,80955762;2,868838196;2,873181436;3080,44;355;2,80955762;2,868838196;2,873181436;3080,44;0,008660801;0,008660801;0,008660801;;;;
356;2,815547024;2,8748276;2,87917084;3061,99;356;2,815547024;2,8748276;2,87917084;3061,99;0,005989404;0,005989404;0,005989404;;;;
357;2,812434669;2,877939955;2,882283195;3052,46;357;2,812434669;2,877939955;2,882283195;3052,46;-0,003112355;0,003112355;0,003112355;;;;
358;2,813011253;2,878516539;2,882859779;3050,7;358;2,813011253;2,878516539;2,882859779;3050,7;0,000576584;0,000576584;0,000576584;;;;
359;2,814925568;2,880430854;2,884774094;3056,54;359;2,814925568;2,880430854;2,884774094;3056,54;0,001914315;0,001914315;0,001914315;;;;
360;2,835488034;2,90099332;2,90533656;2993,69;360;2,835488034;2,90099332;2,90533656;2993,69;0,020562466;0,020562466;0,020562466;;;;
361;2,834846685;2,900351971;2,905977909;2995,61;361;2,834846685;2,900351971;2,905977909;2995,61;-0,000641349;-0,000641349;0,000641349;;;;
362;2,846133201;2,911638487;2,917264425;3029,42;362;2,846133201;2,911638487;2,917264425;3029,42;0,011286516;0,011286516;0,011286516;;;;
363;2,846255336;2,911760622;2,91738656;3029,05;363;2,846255336;2,911760622;2,91738656;3029,05;0,000122136;0,000122136;0,000122136;;;;
364;2,853822065;2,919327351;2,924953289;3051,97;364;2,853822065;2,919327351;2,924953289;3051,97;0,007566729;0,007566729;0,007566729;;;;
365;2,866915248;2,932420534;2,938046472;3012,01;365;2,866915248;2,932420534;2,938046472;3012,01;0,013093182;0,013093182;0,013093182;;;;
366;2,877486262;2,942991548;2,948617486;2980,17;366;2,877486262;2,942991548;2,948617486;2980,17;0,010571014;0,010571014;0,010571014;;;;
367;2,882173914;2,9476792;2,953305138;2966,2;367;2,882173914;2,9476792;2,953305138;2966,2;0,004687652;0,004687652;0,004687652;;;;
368;2,879207155;2,950645958;2,956271897;2975;368;2,879207155;2,950645958;2,956271897;2975;-0,002966759;0,002966759;0,002966759;;;;
369;2,885425642;2,956864446;2,962490384;2956,5;369;2,885425642;2,956864446;2,962490384;2956,5;0,006218487;0,006218487;0,006218487;;;;
370;2,893739527;2,96517833;2,970804269;2931,92;370;2,893739527;2,96517833;2,970804269;2931,92;0,008313885;0,008313885;0,008313885;;;;
371;2,897276459;2,968715262;2,9743412;2921,55;371;2,897276459;2,968715262;2,9743412;2921,55;0,003536931;0,003536931;0,003536931;;;;
372;2,900952589;2,972391393;2,978017331;2932,29;372;2,900952589;2,972391393;2,978017331;2932,29;0,003676131;0,003676131;0,003676131;;;;
373;2,915787411;2,987226215;2,992852153;2888,79;373;2,915787411;2,987226215;2,992852153;2888,79;0,014834822;0,014834822;0,014834822;;;;
374;2,911384184;2,991629442;2,99725538;2876,07;374;2,911384184;2,991629442;2,99725538;2876,07;-0,004403228;0,004403228;0,004403228;;;;
375;2,903915659;2,999097967;3,004723905;2897,55;375;2,903915659;2,999097967;3,004723905;2897,55;-0,007468525;0,007468525;0,007468525;;;;
376;2,908388403;3,003570711;3,009196649;2910,51;376;2,908388403;3,003570711;3,009196649;2910,51;0,004472744;0,004472744;0,004472744;;;;
377;2,91452822;3,009710529;3,015336467;2928,38;377;2,91452822;3,009710529;3,015336467;2928,38;0,006139817;0,006139817;0,006139817;;;;
378;2,932353776;3,027536084;3,033162022;2980,58;378;2,932353776;3,027536084;3,033162022;2980,58;0,017825555;0,017825555;0,017825555;;;;
379;2,930485012;3,02566732;3,031293258;2975,01;379;2,930485012;3,02566732;3,031293258;2975,01;-0,001868764;-0,001868764;-0,001868764;;;;
380;2,929385856;3,024568164;3,030194103;2971,74;380;2,929385856;3,024568164;3,030194103;2971,74;-0,001099156;-0,001099156;-0,001099156;;;;
381;2,936099095;3,031281403;3,036907341;2951,79;381;2,936099095;3,031281403;3,036907341;2951,79;0,006713239;0,006713239;0,006713239;;;;
382;2,965952167;3,061134475;3,066760413;2863,67;382;2,965952167;3,061134475;3,066760413;2863,67;0,029853072;0,029853072;0,029853072;;;;
383;2,973281922;3,06846423;3,074090169;2884,66;383;2,973281922;3,06846423;3,074090169;2884,66;0,007329755;0,007329755;0,007329755;;;;
384;2,984281485;3,079463794;3,085089732;2916,39;384;2,984281485;3,079463794;3,085089732;2916,39;0,010999563;0,010999563;0,010999563;;;;
385;2,985526175;3,080708483;3,083845042;2912,76;385;2,985526175;3,080708483;3,083845042;2912,76;0,001244689;0,001244689;-0,001244689;;;;
386;2,990995215;3,086177523;3,089314082;2896,83;386;2,990995215;3,086177523;3,089314082;2896,83;0,00546904;0,00546904;0,00546904;;;;
387;3,001468732;3,09665104;3,0997876;2927,17;387;3,001468732;3,09665104;3,0997876;2927,17;0,010473518;0,010473518;0,010473518;;;;
388;3,007293471;3,102475779;3,105612338;2910,12;388;3,007293471;3,102475779;3,105612338;2910,12;0,005824739;0,005824739;0,005824739;;;;
389;3,008774509;3,10099474;3,1041313;2905,81;389;3,008774509;3,10099474;3,1041313;2905,81;0,001481039;-0,001481039;-0,001481039;;;;
390;3,014284161;3,106504392;3,109640951;2889,8;390;3,014284161;3,106504392;3,109640951;2889,8;0,005509651;0,005509651;0,005509651;;;;
391;3,027219312;3,119439543;3,122576102;2852,42;391;3,027219312;3,119439543;3,122576102;2852,42;0,012935151;0,012935151;0,012935151;;;;
392;3,037582442;3,129802673;3,132939232;2881,98;392;3,037582442;3,129802673;3,132939232;2881,98;0,01036313;0,01036313;0,01036313;;;;
393;3,041402732;3,133622963;3,136759523;2892,99;393;3,041402732;3,133622963;3,136759523;2892,99;0,00382029;0,00382029;0,00382029;;;;
394;3,058827611;3,151047842;3,154184401;2842,58;394;3,058827611;3,151047842;3,154184401;2842,58;0,017424879;0,017424879;0,017424879;;;;
395;3,060167943;3,149707511;3,15284407;2846,39;395;3,060167943;3,149707511;3,15284407;2846,39;0,001340332;-0,001340332;-0,001340332;;;;
396;3,064489206;3,154028774;3,157165333;2834,09;396;3,064489206;3,154028774;3,157165333;2834,09;0,004321263;0,004321263;0,004321263;;;;
397;3,068741012;3,158280579;3,161417138;2846,14;397;3,068741012;3,158280579;3,161417138;2846,14;0,004251806;0,004251806;0,004251806;;;;
398;3,074682392;3,16422196;3,167358519;2829,23;398;3,074682392;3,16422196;3,167358519;2829,23;0,00594138;0,00594138;0,00594138;;;;
399;3,084172607;3,173712174;3,176848733;2856,08;399;3,084172607;3,173712174;3,176848733;2856,08;0,009490215;0,009490215;0,009490215;;;;
400;3,097754159;3,187293727;3,190430286;2817,29;400;3,097754159;3,187293727;3,190430286;2817,29;0,013581552;0,013581552;0,013581552;;;;
401;3,10405454;3,193594107;3,196730667;2799,54;401;3,10405454;3,193594107;3,196730667;2799,54;0,006300381;0,006300381;0,006300381;;;;
402;3,102172088;3,19547656;3,198613119;2794,27;402;3,102172088;3,19547656;3,198613119;2794,27;-0,001882452;0,001882452;0,001882452;;;;
403;3,105317811;3,198622283;3,201758842;2803,06;403;3,105317811;3,198622283;3,201758842;2803,06;0,003145723;0,003145723;0,003145723;;;;
404;3,111321963;3,204626435;3,207762995;2786,23;404;3,111321963;3,204626435;3,207762995;2786,23;0,006004153;0,006004153;0,006004153;;;;
405;3,117401864;3,210706335;3,213842895;2803,17;405;3,117401864;3,210706335;3,213842895;2803,17;0,0060799;0,0060799;0,0060799;;;;
406;3,122228542;3,215533014;3,218669573;2816,7;406;3,122228542;3,215533014;3,218669573;2816,7;0,004826678;0,004826678;0,004826678;;;;
407;3,133273382;3,226577854;3,229714413;2785,59;407;3,133273382;3,226577854;3,229714413;2785,59;0,01104484;0,01104484;0,01104484;;;;
408;3,141372204;3,234676676;3,237813236;2763,03;408;3,141372204;3,234676676;3,237813236;2763,03;0,008098823;0,008098823;0,008098823;;;;
409;3,166551084;3,259855556;3,262992115;2693,46;409;3,166551084;3,259855556;3,262992115;2693,46;0,02517888;0,02517888;0,02517888;;;;
410;3,172335466;3,265639938;3,268776497;2709,04;410;3,172335466;3,265639938;3,268776497;2709,04;0,005784381;0,005784381;0,005784381;;;;
411;3,179145996;3,272450468;3,275587027;2690,59;411;3,179145996;3,272450468;3,275587027;2690,59;0,006810531;0,006810531;0,006810531;;;;
412;3,196595701;3,289900173;3,293036732;2737,54;412;3,196595701;3,289900173;3,293036732;2737,54;0,017449704;0,017449704;0,017449704;;;;
413;3,214451147;3,307755619;3,310892179;2786,42;413;3,214451147;3,307755619;3,310892179;2786,42;0,017855447;0,017855447;0,017855447;;;;
414;3,241356639;3,334661111;3,33779767;2861,39;414;3,241356639;3,334661111;3,33779767;2861,39;0,026905492;0,026905492;0,026905492;;;;
415;3,253319357;3,346623828;3,349760388;2895,62;415;3,253319357;3,346623828;3,349760388;2895,62;0,011962717;0,011962717;0,011962717;;;;
416;3,285136377;3,378440849;3,381577408;2987,75;416;3,285136377;3,378440849;3,381577408;2987,75;0,03181702;0,03181702;0,03181702;;;;
417;3,288771219;3,382075691;3,38521225;2998,61;417;3,288771219;3,382075691;3,38521225;2998,61;0,003634842;0,003634842;0,003634842;;;;
418;3,294247089;3,387551561;3,390688121;3015,03;418;3,294247089;3,387551561;3,390688121;3015,03;0,00547587;0,00547587;0,00547587;;;;
419;3,290665036;3,391133615;3,387106067;3025,83;419;3,290665036;3,391133615;3,387106067;3025,83;-0,003582054;0,003582054;-0,003582054;;;;
420;3,290463438;3,390932018;3,386904469;3025,22;420;3,290463438;3,390932018;3,386904469;3025,22;-0,000201598;-0,000201598;-0,000201598;;;;
421;3,308485268;3,408953848;3,404926299;3079,74;421;3,308485268;3,408953848;3,404926299;3079,74;0,01802183;0,01802183;0,01802183;;;;
422;3,317421087;3,417889667;3,413862118;3052,22;422;3,317421087;3,417889667;3,413862118;3052,22;0,008935819;0,008935819;0,008935819;;;;
423;3,326745448;3,427214027;3,423186479;3080,68;423;3,326745448;3,427214027;3,423186479;3080,68;0,009324361;0,009324361;0,009324361;;;;
424;3,337843647;3,438312227;3,434284678;3046,49;424;3,337843647;3,438312227;3,434284678;3046,49;0,011098199;0,011098199;0,011098199;;;;
425;3,339337169;3,436818704;3,432791156;3051,04;425;3,339337169;3,436818704;3,432791156;3051,04;0,001493522;-0,001493522;-0,001493522;;;;
426;3,338032696;3,438123178;3,434095629;3047,06;426;3,338032696;3,438123178;3,434095629;3047,06;-0,001304473;0,001304473;0,001304473;;;;
427;3,35404157;3,454132052;3,450104503;3095,84;427;3,35404157;3,454132052;3,450104503;3095,84;0,016008874;0,016008874;0,016008874;;;;
428;3,366535755;3,466626238;3,462598689;3134,52;428;3,366535755;3,466626238;3,462598689;3134,52;0,012494186;0,012494186;0,012494186;;;;
429;3,367843771;3,467934253;3,463906704;3138,62;429;3,367843771;3,467934253;3,463906704;3138,62;0,001308015;0,001308015;0,001308015;;;;
430;3,369137333;3,469227815;3,465200266;3142,68;430;3,369137333;3,469227815;3,465200266;3142,68;0,001293562;0,001293562;0,001293562;;;;
431;3,380306144;3,480396626;3,476369078;3107,58;431;3,380306144;3,480396626;3,476369078;3107,58;0,011168811;0,011168811;0,011168811;;;;
432;3,393245473;3,493335955;3,489308407;3147,79;432;3,393245473;3,493335955;3,489308407;3147,79;0,012939329;0,012939329;0,012939329;;;;
433;3,406530985;3,506621467;3,502593918;3189,61;433;3,406530985;3,506621467;3,502593918;3189,61;0,013285511;0,013285511;0,013285511;;;;
434;3,414977158;3,51506764;3,511040092;3162,67;434;3,414977158;3,51506764;3,511040092;3162,67;0,008446174;0,008446174;0,008446174;;;;
435;3,421949116;3,522039598;3,518012049;3184,72;435;3,421949116;3,522039598;3,518012049;3184,72;0,006971957;0,006971957;0,006971957;;;;
436;3,418696082;3,525292631;3,521265082;3195,08;436;3,418696082;3,525292631;3,521265082;3195,08;-0,003253033;0,003253033;0,003253033;;;;
437;3,423537902;3,53013445;3,526106901;3179,61;437;3,423537902;3,53013445;3,526106901;3179,61;0,004841819;0,004841819;0,004841819;;;;
438;3,433617754;3,540214303;3,536186754;3211,66;438;3,433617754;3,540214303;3,536186754;3211,66;0,010079853;0,010079853;0,010079853;;;;
439;3,448142953;3,554739502;3,550711953;3258,31;439;3,448142953;3,554739502;3,550711953;3258,31;0,014525199;0,014525199;0,014525199;;;;
440;3,453750154;3,560346703;3,556319154;3276,58;440;3,453750154;3,560346703;3,556319154;3276,58;0,005607201;0,005607201;0,005607201;;;;
441;3,447112135;3,566984722;3,562957173;3254,83;441;3,447112135;3,566984722;3,562957173;3254,83;-0,006638019;0,006638019;0,006638019;;;;
442;3,449176759;3,569049346;3,565021797;3248,11;442;3,449176759;3,569049346;3,565021797;3248,11;0,002064624;0,002064624;0,002064624;;;;
443;3,45590067;3,575773256;3,571745707;3269,95;443;3,45590067;3,575773256;3,571745707;3269,95;0,00672391;0,00672391;0,00672391;;;;
444;3,459790637;3,579663224;3,575635675;3282,67;444;3,459790637;3,579663224;3,575635675;3282,67;0,003889968;0,003889968;0,003889968;;;;
445;3,462507937;3,582380524;3,578352975;3273,75;445;3,462507937;3,582380524;3,578352975;3273,75;0,0027173;0,0027173;0,0027173;;;;
446;3,489195986;3,609068573;3,605041024;3186,38;446;3,489195986;3,609068573;3,605041024;3186,38;0,026688049;0,026688049;0,026688049;;;;
447;3,504912881;3,624785468;3,620757919;3236,46;447;3,504912881;3,624785468;3,620757919;3236,46;0,015716895;0,015716895;0,015716895;;;;
448;3,509745322;3,629617908;3,625590359;3252,1;448;3,509745322;3,629617908;3,625590359;3252,1;0,00483244;0,00483244;0,00483244;;;;
449;3,514425375;3,634297961;3,630270412;3236,88;449;3,514425375;3,634297961;3,630270412;3236,88;0,004680053;0,004680053;0,004680053;;;;
450;3,517351031;3,637223618;3,633196069;3246,35;450;3,517351031;3,637223618;3,633196069;3246,35;0,002925657;0,002925657;0,002925657;;;;
451;3,521232314;3,6411049;3,637077351;3258,95;451;3,521232314;3,6411049;3,637077351;3258,95;0,003881282;0,003881282;0,003881282;;;;
452;3,526055953;3,645928539;3,641900991;3274,67;452;3,526055953;3,645928539;3,641900991;3274,67;0,00482364;0,00482364;0,00482364;;;;
453;3,530438074;3,65031066;3,646283112;3289,02;453;3,530438074;3,65031066;3,646283112;3289,02;0,004382121;0,004382121;0,004382121;;;;
454;3,549133612;3,669006199;3,66497865;3350,51;454;3,549133612;3,669006199;3,66497865;3350,51;0,018695538;0,018695538;0,018695538;;;;
455;3,546554901;3,671584911;3,667557362;3359,15;455;3,546554901;3,671584911;3,667557362;3359,15;-0,002578712;0,002578712;0,002578712;;;;
456;3,55009151;3,67512152;3,671093971;3371,03;456;3,55009151;3,67512152;3,671093971;3371,03;0,003536609;0,003536609;0,003536609;;;;
457;3,578299505;3,703329515;3,699301967;3466,12;457;3,578299505;3,703329515;3,699301967;3466,12;0,028207996;0,028207996;0,028207996;;;;
458;3,582837721;3,707867731;3,703840182;3481,85;458;3,582837721;3,707867731;3,703840182;3481,85;0,004538216;0,004538216;0,004538216;;;;
459;3,586755179;3,711785189;3,70775764;3468,21;459;3,586755179;3,711785189;3,70775764;3468,21;0,003917458;0,003917458;0,003917458;;;;
460;3,586164096;3,711194106;3,707166557;3470,26;460;3,586164096;3,711194106;3,707166557;3470,26;-0,000591083;-0,000591083;-0,000591083;;;;
461;3,59378024;3,71881025;3,714782701;3496,69;461;3,59378024;3,71881025;3,714782701;3496,69;0,007616144;0,007616144;0,007616144;;;;
462;3,605928872;3,730958882;3,726931333;3454,21;462;3,605928872;3,730958882;3,726931333;3454,21;0,012148632;0,012148632;0,012148632;;;;
463;3,600801795;3,736085959;3,73205841;3471,92;463;3,600801795;3,736085959;3,73205841;3471,92;-0,005127077;0,005127077;0,005127077;;;;
464;3,609065234;3,744349398;3,740321849;3443,23;464;3,609065234;3,744349398;3,740321849;3443,23;0,008263439;0,008263439;0,008263439;;;;
465;3,615910551;3,751194715;3,747167166;3466,8;465;3,615910551;3,751194715;3,747167166;3466,8;0,006845317;0,006845317;0,006845317;;;;
466;3,628233154;3,763517318;3,759489769;3424,08;466;3,628233154;3,763517318;3,759489769;3424,08;0,012322603;0,012322603;0,012322603;;;;
467;3,637228271;3,772512435;3,768484886;3393,28;467;3,637228271;3,772512435;3,768484886;3393,28;0,008995117;0,008995117;0,008995117;;;;
468;3,638492534;3,773776698;3,769749149;3397,57;468;3,638492534;3,773776698;3,769749149;3397,57;0,001264263;0,001264263;0,001264263;;;;
469;3,640496908;3,775781072;3,771753523;3390,76;469;3,640496908;3,775781072;3,771753523;3390,76;0,002004374;0,002004374;0,002004374;;;;
470;3,652913003;3,788197167;3,784169619;3348,66;470;3,652913003;3,788197167;3,784169619;3348,66;0,012416096;0,012416096;0,012416096;;;;
471;3,654898872;3,786211298;3,78218375;3342,01;471;3,654898872;3,786211298;3,78218375;3342,01;0,001985869;-0,001985869;-0,001985869;;;;
472;3,674548724;3,80586115;3,801833601;3276,34;472;3,674548724;3,80586115;3,801833601;3276,34;0,019649851;0,019649851;0,019649851;;;;
473;3,67906596;3,810378385;3,806350837;3291,14;473;3,67906596;3,810378385;3,806350837;3291,14;0,004517236;0,004517236;0,004517236;;;;
474;3,700064762;3,831377188;3,82734964;3360,25;474;3,700064762;3,831377188;3,82734964;3360,25;0,020998803;0,020998803;0,020998803;;;;
475;3,705061414;3,83637384;3,832346292;3343,46;475;3,705061414;3,83637384;3,832346292;3343,46;0,004996652;0,004996652;0,004996652;;;;
476;3,713597482;3,844909908;3,840882359;3372;476;3,713597482;3,844909908;3,840882359;3372;0,008536067;0,008536067;0,008536067;;;;
477;3,719745169;3,851057595;3,847030046;3392,73;477;3,719745169;3,851057595;3,847030046;3392,73;0,006147687;0,006147687;0,006147687;;;;
478;3,735416914;3,86672934;3,862701791;3445,9;478;3,735416914;3,86672934;3,862701791;3445,9;0,015671745;0,015671745;0,015671745;;;;
479;3,741659115;3,872971541;3,868943992;3424,39;479;3,741659115;3,872971541;3,868943992;3424,39;0,006242201;0,006242201;0,006242201;;;;
480;3,748880839;3,880193265;3,876165716;3399,66;480;3,748880839;3,880193265;3,876165716;3399,66;0,007221724;0,007221724;0,007221724;;;;
481;3,753193035;3,884505461;3,880477912;3414,32;481;3,753193035;3,884505461;3,880477912;3414,32;0,004312196;0,004312196;0,004312196;;;;
482;3,749455834;3,888242662;3,884215113;3427,08;482;3,749455834;3,888242662;3,884215113;3427,08;-0,003737201;0,003737201;0,003737201;;;;
483;3,765451959;3,904238787;3,900211238;3481,9;483;3,765451959;3,904238787;3,900211238;3481,9;0,015996125;0,015996125;0,015996125;;;;
484;3,769288944;3,908075772;3,904048224;3495,26;484;3,769288944;3,908075772;3,904048224;3495,26;0,003836986;0,003836986;0,003836986;;;;
485;3,785516636;3,924303463;3,920275915;3438,54;485;3,785516636;3,924303463;3,920275915;3438,54;0,016227691;0,016227691;0,016227691;;;;
486;3,796675441;3,935462269;3,931434721;3400,17;486;3,796675441;3,935462269;3,931434721;3400,17;0,011158806;0,011158806;0,011158806;;;;
487;3,813589302;3,952376129;3,948348581;3457,68;487;3,813589302;3,952376129;3,948348581;3457,68;0,01691386;0,01691386;0,01691386;;;;
488;3,816874742;3,949090689;3,945063141;3446,32;488;3,816874742;3,949090689;3,945063141;3446,32;0,00328544;-0,00328544;-0,00328544;;;;
489;3,820469881;3,952685829;3,94865828;3433,93;489;3,820469881;3,952685829;3,94865828;3433,93;0,003595139;0,003595139;0,003595139;;;;
490;3,832310541;3,964526489;3,960498941;3393,27;490;3,832310541;3,964526489;3,960498941;3393,27;0,011840661;0,011840661;0,011840661;;;;
491;3,832192661;3,96464437;3,960616821;3392,87;491;3,832192661;3,96464437;3,960616821;3392,87;-0,00011788;0,00011788;0,00011788;;;;
492;3,84745113;3,979902838;3,97587529;3341,1;492;3,84745113;3,979902838;3,97587529;3341,1;0,015258468;0,015258468;0,015258468;;;;
493;3,861234015;3,993685724;3,989658175;3387,15;493;3,861234015;3,993685724;3,989658175;3387,15;0,013782886;0,013782886;0,013782886;;;;
494;3,868033242;4,000484951;3,996457402;3410,18;494;3,868033242;4,000484951;3,996457402;3410,18;0,006799226;0,006799226;0,006799226;;;;
495;3,870426077;4,002877786;3,998850237;3418,34;495;3,870426077;4,002877786;3,998850237;3418,34;0,002392836;0,002392836;0,002392836;;;;
496;3,87450408;4,006955789;4,00292824;3404,4;496;3,87450408;4,006955789;4,00292824;3404,4;0,004078003;0,004078003;0,004078003;;;;
497;3,879941162;4,01239287;4,008365322;3422,91;497;3,879941162;4,01239287;4,008365322;3422,91;0,005437081;0,005437081;0,005437081;;;;
498;3,896181729;4,028633438;4,024605889;3478,5;498;3,896181729;4,028633438;4,024605889;3478,5;0,016240567;0,016240567;0,016240567;;;;
499;3,890098647;4,034716519;4,030688971;3457,34;499;3,890098647;4,034716519;4,030688971;3457,34;-0,006083082;0,006083082;0,006083082;;;;
500;3,904459398;4,049077271;4,045049722;3506,99;500;3,904459398;4,049077271;4,045049722;3506,99;0,014360751;0,014360751;0,014360751;;;;
501;3,911910232;4,056528105;4,052500556;3533,12;501;3,911910232;4,056528105;4,052500556;3533,12;0,007450834;0,007450834;0,007450834;;;;
502;3,927417772;4,072035645;4,068008096;3587,91;502;3,927417772;4,072035645;4,068008096;3587,91;0,01550754;0,01550754;0,01550754;;;;
503;3,933346015;4,077963887;4,073936338;3566,64;503;3,933346015;4,077963887;4,073936338;3566,64;0,005928242;0,005928242;0,005928242;;;;
504;3,947392849;4,092010721;4,087983172;3516,54;504;3,947392849;4,092010721;4,087983172;3516,54;0,014046834;0,014046834;0,014046834;;;;
505;3,953046133;4,097664005;4,093636457;3496,66;505;3,953046133;4,097664005;4,093636457;3496,66;0,005653284;0,005653284;0,005653284;;;;
506;3,959846909;4,104464781;4,100437232;3472,88;506;3,959846909;4,104464781;4,100437232;3472,88;0,006800776;0,006800776;0,006800776;;;;
507;3,964263992;4,108881864;4,104854315;3488,22;507;3,964263992;4,108881864;4,104854315;3488,22;0,004417083;0,004417083;0,004417083;;;;
508;3,97026132;4,114879192;4,110851643;3467,3;508;3,97026132;4,114879192;4,110851643;3467,3;0,005997328;0,005997328;0,005997328;;;;
509;3,976038149;4,120656021;4,116628473;3487,33;509;3,976038149;4,120656021;4,116628473;3487,33;0,005776829;0,005776829;0,005776829;;;;
510;3,988371367;4,132989239;4,12896169;3444,32;510;3,988371367;4,132989239;4,12896169;3444,32;0,012333218;0,012333218;0,012333218;;;;
511;4,002080894;4,146698767;4,142671218;3491,54;511;4,002080894;4,146698767;4,142671218;3491,54;0,013709528;0,013709528;0,013709528;;;;
512;4,011019643;4,155637516;4,151609967;3522,75;512;4,011019643;4,155637516;4,151609967;3522,75;0,008938749;0,008938749;0,008938749;;;;
513;4,012069959;4,1545872;4,150559651;3519,05;513;4,012069959;4,1545872;4,150559651;3519,05;0,001050316;-0,001050316;-0,001050316;;;;
514;4,006974834;4,159682325;4,155654776;3536,98;514;4,006974834;4,159682325;4,155654776;3536,98;-0,005095125;0,005095125;0,005095125;;;;
515;4,004659299;4,15736679;4,153339242;3528,79;515;4,004659299;4,15736679;4,153339242;3528,79;-0,002315535;-0,002315535;-0,002315535;;;;
516;4,013342162;4,166049653;4,162022105;3559,43;516;4,013342162;4,166049653;4,162022105;3559,43;0,008682863;0,008682863;0,008682863;;;;
517;4,023551662;4,176259153;4,172231604;3523,09;517;4,023551662;4,176259153;4,172231604;3523,09;0,0102095;0,0102095;0,0102095;;;;
518;4,030664736;4,183372227;4,179344678;3498,03;518;4,030664736;4,183372227;4,179344678;3498,03;0,007113074;0,007113074;0,007113074;;;;
519;4,030959188;4,183077776;4,17963913;3499,06;519;4,030959188;4,183077776;4,17963913;3499,06;0,000294451;-0,000294451;0,000294451;;;;
520;4,033234084;4,185352672;4,181914027;3507,02;520;4,033234084;4,185352672;4,181914027;3507,02;0,002274897;0,002274897;0,002274897;;;;
521;4,038540584;4,190659172;4,187220526;3488,41;521;4,038540584;4,190659172;4,187220526;3488,41;0,0053065;0,0053065;0,0053065;;;;
522;4,047252289;4,199370877;4,195932231;3518,8;522;4,047252289;4,199370877;4,195932231;3518,8;0,008711705;0,008711705;0,008711705;;;;
523;4,044890689;4,201732478;4,198293832;3527,11;523;4,044890689;4,201732478;4,198293832;3527,11;-0,002361601;0,002361601;0,002361601;;;;
524;4,056999753;4,213841542;4,210402896;3569,82;524;4,056999753;4,213841542;4,210402896;3569,82;0,012109064;0,012109064;0,012109064;;;;
525;4,053472964;4,210314753;4,206876107;3557,23;525;4,053472964;4,210314753;4,206876107;3557,23;-0,003526788;-0,003526788;-0,003526788;;;;
526;4,06355103;4,220392819;4,216954174;3593,08;526;4,06355103;4,220392819;4,216954174;3593,08;0,010078066;0,010078066;0,010078066;;;;
527;4,070653572;4,227495361;4,224056715;3567,56;527;4,070653572;4,227495361;4,224056715;3567,56;0,007102542;0,007102542;0,007102542;;;;
528;4,076607221;4,23344901;4,230010364;3546,32;528;4,076607221;4,23344901;4,230010364;3546,32;0,005953649;0,005953649;0,005953649;;;;
529;4,08256833;4,239410119;4,235971473;3567,46;529;4,08256833;4,239410119;4,235971473;3567,46;0,005961109;0,005961109;0,005961109;;;;
530;4,092768865;4,249610654;4,246172008;3603,85;530;4,092768865;4,249610654;4,246172008;3603,85;0,010200535;0,010200535;0,010200535;;;;
531;4,095790633;4,246588885;4,24315024;3592,96;531;4,095790633;4,246588885;4,24315024;3592,96;0,003021768;-0,003021768;-0,003021768;;;;
532;4,10080043;4,251598682;4,248160037;3610,96;532;4,10080043;4,251598682;4,248160037;3610,96;0,005009797;0,005009797;0,005009797;;;;
533;4,098357866;4,254041246;4,2506026;3602,14;533;4,098357866;4,254041246;4,2506026;3602,14;-0,002442564;0,002442564;0,002442564;;;;
534;4,103490926;4,259174306;4,25573566;3583,65;534;4,103490926;4,259174306;4,25573566;3583,65;0,00513306;0,00513306;0,00513306;;;;
535;4,099654056;4,263011176;4,25957253;3569,9;535;4,099654056;4,263011176;4,25957253;3569,9;-0,00383687;0,00383687;0,00383687;;;;
536;4,107309733;4,270666853;4,267228207;3542,57;536;4,107309733;4,270666853;4,267228207;3542,57;0,007655677;0,007655677;0,007655677;;;;
537;4,117694848;4,281051969;4,277613323;3579,36;537;4,117694848;4,281051969;4,277613323;3579,36;0,010385116;0,010385116;0,010385116;;;;
538;4,135175627;4,298532747;4,295094102;3641,93;538;4,135175627;4,298532747;4,295094102;3641,93;0,017480779;0,017480779;0,017480779;;;;
539;4,139769345;4,303126466;4,29968782;3658,66;539;4,139769345;4,303126466;4,29968782;3658,66;0,004593718;0,004593718;0,004593718;;;;
540;4,146178796;4,309535916;4,30609727;3682,11;540;4,146178796;4,309535916;4,30609727;3682,11;0,00640945;0,00640945;0,00640945;;;;
541;4,149147202;4,312504323;4,309065677;3693,04;541;4,149147202;4,312504323;4,309065677;3693,04;0,002968407;0,002968407;0,002968407;;;;
542;4,161562448;4,324919569;4,321480923;3647,19;542;4,161562448;4,324919569;4,321480923;3647,19;0,012415246;0,012415246;0,012415246;;;;
543;4,163500927;4,326858047;4,323419402;3654,26;543;4,163500927;4,326858047;4,323419402;3654,26;0,001938479;0,001938479;0,001938479;;;;
544;4,166385232;4,329742352;4,326303706;3643,72;544;4,166385232;4,329742352;4,326303706;3643,72;0,002884305;0,002884305;0,002884305;;;;
545;4,164263774;4,327620894;4,324182248;3635,99;545;4,164263774;4,327620894;4,324182248;3635,99;-0,002121458;-0,002121458;-0,002121458;;;;
546;4,165768178;4,326116489;4,322677844;3641,46;546;4,165768178;4,326116489;4,322677844;3641,46;0,001504405;-0,001504405;-0,001504405;;;;
547;4,177766113;4,338114424;4,334675778;3685,15;547;4,177766113;4,338114424;4,334675778;3685,15;0,011997935;0,011997935;0,011997935;;;;
548;4,190482013;4,350830325;4,347391679;3638,29;548;4,190482013;4,350830325;4,347391679;3638,29;0,0127159;0,0127159;0,0127159;;;;
549;4,191108682;4,350203657;4,346765011;3636,01;549;4,191108682;4,350203657;4,346765011;3636,01;0,000626668;-0,000626668;-0,000626668;;;;
550;4,197863338;4,356958313;4,353519668;3660,57;550;4,197863338;4,356958313;4,353519668;3660,57;0,006754657;0,006754657;0,006754657;;;;
551;4,198576342;4,357671317;4,354232671;3663,18;551;4,198576342;4,357671317;4,354232671;3663,18;0,000713004;0,000713004;0,000713004;;;;
552;4,204715817;4,363810792;4,360372146;3685,67;552;4,204715817;4,363810792;4,360372146;3685,67;0,006139474;0,006139474;0,006139474;;;;
553;4,211124421;4,370219396;4,36678075;3709,29;553;4,211124421;4,370219396;4,36678075;3709,29;0,006408604;0,006408604;0,006408604;;;;
554;4,217964005;4,37705898;4,373620334;3734,66;554;4,217964005;4,37705898;4,373620334;3734,66;0,006839584;0,006839584;0,006839584;;;;
555;4,217540941;4,376635916;4,37319727;3733,08;555;4,217540941;4,376635916;4,37319727;3733,08;-0,000423064;-0,000423064;-0,000423064;;;;
556;4,220862595;4,37995757;4,376518924;3720,68;556;4,220862595;4,37995757;4,376518924;3720,68;0,003321654;0,003321654;0,003321654;;;;
557;4,233088854;4,392183829;4,388745184;3766,17;557;4,233088854;4,392183829;4,388745184;3766,17;0,01222626;0,01222626;0,01222626;;;;
558;4,244599222;4,403694197;4,400255551;3809,52;558;4,244599222;4,403694197;4,400255551;3809,52;0,011510367;0,011510367;0,011510367;;;;
559;4,247024724;4,406119699;4,402681053;3800,28;559;4,247024724;4,406119699;4,402681053;3800,28;0,002425502;0,002425502;0,002425502;;;;
560;4,248948266;4,408043242;4,404604596;3807,59;560;4,248948266;4,408043242;4,404604596;3807,59;0,001923542;0,001923542;0,001923542;;;;
561;4,252751197;4,411846172;4,408407526;3822,07;561;4,252751197;4,411846172;4,408407526;3822,07;0,00380293;0,00380293;0,00380293;;;;
562;4,249258325;4,415339044;4,411900398;3808,72;562;4,249258325;4,415339044;4,411900398;3808,72;-0,003492872;0,003492872;0,003492872;;;;
563;4,257780874;4,423861592;4,420422946;3841,18;563;4,257780874;4,423861592;4,420422946;3841,18;0,008522548;0,008522548;0,008522548;;;;
564;4,255367553;4,421448271;4,418009625;3831,91;564;4,255367553;4,421448271;4,418009625;3831,91;-0,002413321;-0,002413321;-0,002413321;;;;
565;4,257507478;4,423588196;4,42014955;3840,11;565;4,257507478;4,423588196;4,42014955;3840,11;0,002139925;0,002139925;0,002139925;;;;
566;4,262450044;4,428530763;4,425092117;3859,09;566;4,262450044;4,428530763;4,425092117;3859,09;0,004942567;0,004942567;0,004942567;;;;
567;4,272138857;4,438219575;4,43478093;3821,7;567;4,272138857;4,438219575;4,43478093;3821,7;0,009688813;0,009688813;0,009688813;;;;
568;4,275304987;4,441385706;4,43794706;3833,8;568;4,275304987;4,441385706;4,43794706;3833,8;0,00316613;0,00316613;0,00316613;;;;
569;4,281614654;4,447695372;4,444256727;3809,61;569;4,281614654;4,447695372;4,444256727;3809,61;0,006309667;0,006309667;0,006309667;;;;
570;4,283777605;4,449858323;4,446419678;3801,37;570;4,283777605;4,449858323;4,446419678;3801,37;0,002162951;0,002162951;0,002162951;;;;
571;4,286366145;4,452446864;4,449008218;3811,21;571;4,286366145;4,452446864;4,449008218;3811,21;0,00258854;0,00258854;0,00258854;;;;
572;4,289740402;4,45582112;4,452382475;3824,07;572;4,289740402;4,45582112;4,452382475;3824,07;0,003374256;0,003374256;0,003374256;;;;
573;4,293160841;4,45924156;4,455802914;3837,15;573;4,293160841;4,45924156;4,455802914;3837,15;0,003420439;0,003420439;0,003420439;;;;
574;4,297294117;4,463374836;4,45993619;3821,29;574;4,297294117;4,463374836;4,45993619;3821,29;0,004133276;0,004133276;0,004133276;;;;
575;4,300054965;4,466135684;4,462697038;3831,84;575;4,300054965;4,466135684;4,462697038;3831,84;0,002760848;0,002760848;0,002760848;;;;
576;4,298418676;4,467771973;4,464333327;3825,57;576;4,298418676;4,467771973;4,464333327;3825,57;-0,00163629;0,00163629;0,00163629;;;;
577;4,307494447;4,476847745;4,473409099;3790,85;577;4,307494447;4,476847745;4,473409099;3790,85;0,009075772;0,009075772;0,009075772;;;;
578;4,320947894;4,490301192;4,486862546;3841,85;578;4,320947894;4,490301192;4,486862546;3841,85;0,013453447;0,013453447;0,013453447;;;;
579;4,325234892;4,494588189;4,491149543;3858,32;579;4,325234892;4,494588189;4,491149543;3858,32;0,004286997;0,004286997;0,004286997;;;;
580;4,323394712;4,496428368;4,492989722;3865,42;580;4,323394712;4,496428368;4,492989722;3865,42;-0,001840179;0,001840179;0,001840179;;;;
581;4,327836662;4,500870318;4,497431672;3882,59;581;4,327836662;4,500870318;4,497431672;3882,59;0,004441949;0,004441949;0,004441949;;;;
582;4,328305421;4,501339077;4,496962913;3884,41;582;4,328305421;4,501339077;4,496962913;3884,41;0,000468759;0,000468759;-0,000468759;;;;
583;4,331057448;4,504091104;4,499714939;3895,1;583;4,331057448;4,504091104;4,499714939;3895,1;0,002752027;0,002752027;0,002752027;;;;
584;4,339791498;4,512825154;4,50844899;3861,08;584;4,339791498;4,512825154;4,50844899;3861,08;0,00873405;0,00873405;0,00873405;;;;
585;4,338297098;4,511330754;4,506954589;3855,31;585;4,338297098;4,511330754;4,506954589;3855,31;-0,001494401;-0,001494401;-0,001494401;;;;
586;4,343562563;4,516596219;4,512220054;3875,61;586;4,343562563;4,516596219;4,512220054;3875,61;0,005265465;0,005265465;0,005265465;;;;
587;4,343196169;4,516962613;4,512586448;3877,03;587;4,343196169;4,516962613;4,512586448;3877,03;-0,000366394;0,000366394;0,000366394;;;;
588;4,354591489;4,528357933;4,523981769;3832,85;588;4,354591489;4,528357933;4,523981769;3832,85;0,011395321;0,011395321;0,011395321;;;;
589;4,363169962;4,536936406;4,532560242;3799,97;589;4,363169962;4,536936406;4,532560242;3799,97;0,008578473;0,008578473;0,008578473;;;;
590;4,371017393;4,544783836;4,540407672;3770,15;590;4,371017393;4,544783836;4,540407672;3770,15;0,00784743;0,00784743;0,00784743;;;;
591;4,391369368;4,565135812;4,560759648;3693,42;591;4,391369368;4,565135812;4,560759648;3693,42;0,020351975;0,020351975;0,020351975;;;;
592;4,394342223;4,562162957;4,557786793;3704,4;592;4,394342223;4,562162957;4,557786793;3704,4;0,002972854;-0,002972854;-0,002972854;;;;
593;4,399352481;4,567173216;4,562797051;3722,96;593;4,399352481;4,567173216;4,562797051;3722,96;0,005010258;0,005010258;0,005010258;;;;
594;4,407808118;4,575628853;4,571252689;3754,44;594;4,407808118;4,575628853;4,571252689;3754,44;0,008455637;0,008455637;0,008455637;;;;
595;4,413108509;4,580929244;4,57655308;3734,54;595;4,413108509;4,580929244;4,57655308;3734,54;0,005300391;0,005300391;0,005300391;;;;
596;4,41727502;4,585095754;4,58071959;3750,1;596;4,41727502;4,585095754;4,58071959;3750,1;0,00416651;0,00416651;0,00416651;;;;
597;4,421808232;4,589628967;4,585252803;3733,1;597;4,421808232;4,589628967;4,585252803;3733,1;0,004533212;0,004533212;0,004533212;;;;
598;4,43498227;4,602803005;4,59842684;3782,28;598;4,43498227;4,602803005;4,59842684;3782,28;0,013174038;0,013174038;0,013174038;;;;
599;4,440812087;4,608632821;4,604256657;3804,33;599;4,440812087;4,608632821;4,604256657;3804,33;0,005829817;0,005829817;0,005829817;;;;
600;4,449420698;4,617241433;4,612865269;3771,58;600;4,449420698;4,617241433;4,612865269;3771,58;0,008608612;0,008608612;0,008608612;;;;
601;4,453800825;4,62162156;4,617245396;3788,1;601;4,453800825;4,62162156;4,617245396;3788,1;0,004380127;0,004380127;0,004380127;;;;
602;4,455276499;4,623097234;4,61872107;3793,69;602;4,455276499;4,623097234;4,61872107;3793,69;0,001475674;0,001475674;0,001475674;;;;
603;4,459739173;4,627559908;4,623183743;3810,62;603;4,459739173;4,627559908;4,623183743;3810,62;0,004462674;0,004462674;0,004462674;;;;
604;4,465809051;4,633629786;4,629253622;3833,75;604;4,465809051;4,633629786;4,629253622;3833,75;0,006069878;0,006069878;0,006069878;;;;
605;4,473214333;4,641035068;4,636658904;3805,36;605;4,473214333;4,641035068;4,636658904;3805,36;0,007405282;0,007405282;0,007405282;;;;
606;4,481032253;4,648852988;4,644476824;3835,11;606;4,481032253;4,648852988;4,644476824;3835,11;0,00781792;0,00781792;0,00781792;;;;
607;4,488127226;4,655947961;4,651571796;3862,32;607;4,488127226;4,655947961;4,651571796;3862,32;0,007094973;0,007094973;0,007094973;;;;
608;4,492023847;4,659844582;4,655468418;3877,37;608;4,492023847;4,659844582;4,655468418;3877,37;0,003896622;0,003896622;0,003896622;;;;
609;4,494987196;4,662807931;4,658431767;3888,86;609;4,494987196;4,662807931;4,658431767;3888,86;0,002963349;0,002963349;0,002963349;;;;
610;4,499065512;4,666886247;4,662510083;3873;610;4,499065512;4,666886247;4,662510083;3873;0,004078316;0,004078316;0,004078316;;;;
611;4,504825905;4,67264664;4,668270475;3895,31;611;4,504825905;4,67264664;4,668270475;3895,31;0,005760392;0,005760392;0,005760392;;;;
612;4,5170714;4,684892135;4,680515971;3943,01;612;4,5170714;4,684892135;4,680515971;3943,01;0,012245495;0,012245495;0,012245495;;;;
613;4,521595862;4,689416597;4,685040433;3925,17;613;4,521595862;4,689416597;4,685040433;3925,17;0,004524462;0,004524462;0,004524462;;;;
614;4,539732656;4,707553391;4,703177227;3853,98;614;4,539732656;4,707553391;4,703177227;3853,98;0,018136794;0,018136794;0,018136794;;;;
615;4,545254221;4,713074956;4,708698792;3832,7;615;4,545254221;4,713074956;4,708698792;3832,7;0,005521565;0,005521565;0,005521565;;;;
616;4,558380738;4,726201473;4,721825308;3883,01;616;4,558380738;4,726201473;4,721825308;3883,01;0,013126517;0,013126517;0,013126517;;;;
617;4,556871599;4,727710611;4,723334447;3888,87;617;4,556871599;4,727710611;4,723334447;3888,87;-0,001509139;0,001509139;0,001509139;;;;
618;4,557445031;4,72713718;4,722761015;3886,64;618;4,557445031;4,72713718;4,722761015;3886,64;0,000573431;-0,000573431;-0,000573431;;;;
619;4,566468249;4,736160398;4,731784233;3851,57;619;4,566468249;4,736160398;4,731784233;3851,57;0,009023218;0,009023218;0,009023218;;;;
620;4,575765756;4,745457905;4,741081741;3887,38;620;4,575765756;4,745457905;4,741081741;3887,38;0,009297507;0,009297507;0,009297507;;;;
621;4,586343574;4,756035723;4,751659559;3928,5;621;4,586343574;4,756035723;4,751659559;3928,5;0,010577818;0,010577818;0,010577818;;;;
622;4,590268737;4,759960886;4,755584721;3913,08;622;4,590268737;4,759960886;4,755584721;3913,08;0,003925162;0,003925162;0,003925162;;;;
623;4,605075487;4,774767636;4,770391472;3971,02;623;4,605075487;4,774767636;4,770391472;3971,02;0,014806751;0,014806751;0,014806751;;;;
624;4,61004902;4,77974117;4,775365005;3990,77;624;4,61004902;4,77974117;4,775365005;3990,77;0,004973533;0,004973533;0,004973533;;;;
625;4,61278784;4,78247999;4,778103825;4001,7;625;4,61278784;4,78247999;4,778103825;4001,7;0,00273882;0,00273882;0,00273882;;;;
626;4,619422521;4,78911467;4,784738506;4028,25;626;4,619422521;4,78911467;4,784738506;4028,25;0,00663468;0,00663468;0,00663468;;;;
627;4,623913304;4,793605454;4,789229289;4010,16;627;4,623913304;4,793605454;4,789229289;4010,16;0,004490784;0,004490784;0,004490784;;;;
628;4,622115371;4,79180752;4,787431356;4017,37;628;4,622115371;4,79180752;4,787431356;4017,37;-0,001797933;-0,001797933;-0,001797933;;;;
629;4,628042134;4,797734283;4,793358119;3993,56;629;4,628042134;4,797734283;4,793358119;3993,56;0,005926763;0,005926763;0,005926763;;;;
630;4,630320803;4,800012952;4,795636788;4002,66;630;4,630320803;4,800012952;4,795636788;4002,66;0,002278669;0,002278669;0,002278669;;;;
631;4,639939406;4,809631556;4,805255391;4041,16;631;4,639939406;4,809631556;4,805255391;4041,16;0,009618604;0,009618604;0,009618604;;;;
632;4,643240439;4,812932588;4,808556424;4054,5;632;4,643240439;4,812932588;4,808556424;4054,5;0,003301032;0,003301032;0,003301032;;;;
633;4,648671441;4,818363591;4,813987426;4076,52;633;4,648671441;4,818363591;4,813987426;4076,52;0,005431003;0,005431003;0,005431003;;;;
634;4,654183496;4,823875645;4,819499481;4054,05;634;4,654183496;4,823875645;4,819499481;4054,05;0,005512054;0,005512054;0,005512054;;;;
635;4,661146903;4,830839052;4,826462888;4025,82;635;4,661146903;4,830839052;4,826462888;4025,82;0,006963407;0,006963407;0,006963407;;;;
636;4,675109276;4,844801425;4,840425261;3969,61;636;4,675109276;4,844801425;4,840425261;3969,61;0,013962373;0,013962373;0,013962373;;;;
637;4,675328441;4,84502059;4,840644426;3970,48;637;4,675328441;4,84502059;4,840644426;3970,48;0,000219165;0,000219165;0,000219165;;;;
638;4,690565893;4,860258042;4,855881878;4030,98;638;4,690565893;4,860258042;4,855881878;4030,98;0,015237452;0,015237452;0,015237452;;;;
639;4,695815237;4,865507386;4,861131222;4052,14;639;4,695815237;4,865507386;4,861131222;4052,14;0,005249344;0,005249344;0,005249344;;;;
640;4,699247991;4,86894014;4,864563976;4038,23;640;4,699247991;4,86894014;4,864563976;4038,23;0,003432754;0,003432754;0,003432754;;;;
641;4,70999775;4,879689899;4,875313735;4081,64;641;4,70999775;4,879689899;4,875313735;4081,64;0,010749759;0,010749759;0,010749759;;;;
642;4,712041047;4,881733196;4,877357032;4073,3;642;4,712041047;4,881733196;4,877357032;4073,3;0,002043296;0,002043296;0,002043296;;;;
643;4,715706379;4,878067863;4,873691699;4058,37;643;4,715706379;4,878067863;4,873691699;4058,37;0,003665333;-0,003665333;-0,003665333;;;;
644;4,723100974;4,885462457;4,881086293;4088,38;644;4,723100974;4,885462457;4,881086293;4088,38;0,007394594;0,007394594;0,007394594;;;;
645;4,722760986;4,885122469;4,880746305;4086,99;645;4,722760986;4,885122469;4,880746305;4086,99;-0,000339988;-0,000339988;-0,000339988;;;;
646;4,729707418;4,892068902;4,887692738;4115,38;646;4,729707418;4,892068902;4,887692738;4115,38;0,006946432;0,006946432;0,006946432;;;;
647;4,743684256;4,90604574;4,901669576;4172,9;647;4,743684256;4,90604574;4,901669576;4172,9;0,013976838;0,013976838;0,013976838;;;;
648;4,748484275;4,910845759;4,906469595;4192,93;648;4,748484275;4,910845759;4,906469595;4192,93;0,004800019;0,004800019;0,004800019;;;;
649;4,754840213;4,917201696;4,912825532;4219,58;649;4,754840213;4,917201696;4,912825532;4219,58;0,006355937;0,006355937;0,006355937;;;;
650;4,760362089;4,922723573;4,918347409;4242,88;650;4,760362089;4,922723573;4,918347409;4242,88;0,005521877;0,005521877;0,005521877;;;;
651;4,767159359;4,929520843;4,925144679;4271,72;651;4,767159359;4,929520843;4,925144679;4271,72;0,00679727;0,00679727;0,00679727;;;;
652;4,769013413;4,931374897;4,926998733;4263,8;652;4,769013413;4,931374897;4,926998733;4263,8;0,001854054;0,001854054;0,001854054;;;;
653;4,780897179;4,943258663;4,938882498;4213,13;653;4,780897179;4,943258663;4,938882498;4213,13;0,011883766;0,011883766;0,011883766;;;;
654;4,793486394;4,955847878;4,951471713;4266,17;654;4,793486394;4,955847878;4,951471713;4266,17;0,012589215;0,012589215;0,012589215;;;;
655;4,794506044;4,954828228;4,950452063;4261,82;655;4,794506044;4,954828228;4,950452063;4261,82;0,00101965;-0,00101965;-0,00101965;;;;
656;4,797671358;4,957993542;4,953617378;4248,33;656;4,797671358;4,957993542;4,953617378;4248,33;0,003165314;0,003165314;0,003165314;;;;
657;4,803963242;4,964285426;4,959909262;4275,06;657;4,803963242;4,964285426;4,959909262;4275,06;0,006291884;0,006291884;0,006291884;;;;
658;4,806877821;4,967200005;4,962823841;4287,52;658;4,806877821;4,967200005;4,962823841;4287,52;0,002914579;0,002914579;0,002914579;;;;
659;4,822945385;4,983267569;4,978891404;4218,63;659;4,822945385;4,983267569;4,978891404;4218,63;0,016067564;0,016067564;0,016067564;;;;
660;4,817808646;4,988404307;4,984028143;4196,96;660;4,817808646;4,988404307;4,984028143;4196,96;-0,005136739;0,005136739;0,005136739;;;;
661;4,831632938;5,002228599;4,997852435;4254,98;661;4,831632938;5,002228599;4,997852435;4254,98;0,013824292;0,013824292;0,013824292;;;;
662;4,82714173;4,997737391;4,993361227;4235,87;662;4,82714173;4,997737391;4,993361227;4235,87;-0,004491208;-0,004491208;-0,004491208;;;;
663;4,828638471;4,999234132;4,994857968;4229,53;663;4,828638471;4,999234132;4,994857968;4229,53;0,001496741;0,001496741;0,001496741;;;;
664;4,842320842;5,012916504;5,008540339;4171,66;664;4,842320842;5,012916504;5,008540339;4171,66;0,013682371;0,013682371;0,013682371;;;;
665;4,849138272;5,019733934;5,015357769;4143,22;665;4,849138272;5,019733934;5,015357769;4143,22;0,00681743;0,00681743;0,00681743;;;;
666;4,868029376;5,038625038;5,034248873;4221,49;666;4,868029376;5,038625038;5,034248873;4221,49;0,018891104;0,018891104;0,018891104;;;;
667;4,871336266;5,035318148;5,030941984;4207,53;667;4,871336266;5,035318148;5,030941984;4207,53;0,003306889;-0,003306889;-0,003306889;;;;
668;4,876721848;5,040703731;5,036327567;4184,87;668;4,876721848;5,040703731;5,036327567;4184,87;0,005385583;0,005385583;0,005385583;;;;
669;4,874306003;5,043119577;5,038743412;4174,76;669;4,874306003;5,043119577;5,038743412;4174,76;-0,002415846;0,002415846;0,002415846;;;;
670;4,884728159;5,053541733;5,049165568;4218,27;670;4,884728159;5,053541733;5,049165568;4218,27;0,010422156;0,010422156;0,010422156;;;;
671;4,892062919;5,060876493;5,056500329;4187,33;671;4,892062919;5,060876493;5,056500329;4187,33;0,00733476;0,00733476;0,00733476;;;;
672;4,89561172;5,064425294;5,060049129;4172,47;672;4,89561172;5,064425294;5,060049129;4172,47;0,003548801;0,003548801;0,003548801;;;;
673;4,898571597;5,067385171;5,063009007;4184,82;673;4,898571597;5,067385171;5,063009007;4184,82;0,002959877;0,002959877;0,002959877;;;;
674;4,919504397;5,088317971;5,083941807;4097,22;674;4,919504397;5,088317971;5,083941807;4097,22;0,0209328;0,0209328;0,0209328;;;;
675;4,93244976;5,101263334;5,09688717;4150,26;675;4,93244976;5,101263334;5,09688717;4150,26;0,012945363;0,012945363;0,012945363;;;;
676;4,940273366;5,10908694;5,104710776;4117,79;676;4,940273366;5,10908694;5,104710776;4117,79;0,007823606;0,007823606;0,007823606;;;;
677;4,947857532;5,116671106;5,112294941;4149,02;677;4,947857532;5,116671106;5,112294941;4149,02;0,007584165;0,007584165;0,007584165;;;;
678;4,962130782;5,130944356;5,126568191;4089,8;678;4,962130782;5,130944356;5,126568191;4089,8;0,01427325;0,01427325;0,01427325;;;;
679;4,979107162;5,147920736;5,143544572;4020,37;679;4,979107162;5,147920736;5,143544572;4020,37;0,01697638;0,01697638;0,01697638;;;;
680;5,012586668;5,181400242;5,177024077;3885,77;680;5,012586668;5,181400242;5,177024077;3885,77;0,033479506;0,033479506;0,033479506;;;;
681;5,022010797;5,171976112;5,167599948;3922,39;681;5,022010797;5,171976112;5,167599948;3922,39;0,00942413;-0,00942413;-0,00942413;;;;
682;5,031581493;5,181546807;5,177170643;3959,93;682;5,031581493;5,181546807;5,177170643;3959,93;0,009570695;0,009570695;0,009570695;;;;
683;5,028523358;5,178488673;5,174112508;3947,82;683;5,028523358;5,178488673;5,174112508;3947,82;-0,003058135;-0,003058135;-0,003058135;;;;
684;5,055062055;5,20502737;5,200651206;3843,05;684;5,055062055;5,20502737;5,200651206;3843,05;0,026538697;0,026538697;0,026538697;;;;
685;5,076016766;5,22598208;5,221605916;3923,58;685;5,076016766;5,22598208;5,221605916;3923,58;0,02095471;0,02095471;0,02095471;;;;
686;5,084424903;5,217573943;5,213197779;3890,59;686;5,084424903;5,217573943;5,213197779;3890,59;0,008408137;-0,008408137;-0,008408137;;;;
687;5,096184045;5,229333085;5,224956921;3936,34;687;5,096184045;5,229333085;5,224956921;3936,34;0,011759142;0,011759142;0,011759142;;;;
;2,506103985;2,60256872;2,602394408;;;;;;;0,007407244;0,007600775;0,007594414;;0,740724425;0,760077483;0,759441413
;1,598761056;1,643532437;1,641321179;;;;;;;0,009291694;0,009128798;0,009134098;;0,929169439;0,912879771;0,913409768
;688;;;;;;;;;607;627;627;;60700;62700;62700
;;;;;;;;;;0,882267442;0,911337209;0,911337209;;88,22674419;91,13372093;91,13372093
;;;;;;;;;;;;;;;;
;;;;;;;;;;;;;;;;
;;;;;;;;;;;;0,740724425;0,760077483;0,759441413;;
;;;;;;;;;;;;0,929169439;0,912879771;0,913409768;;
;;;;;;;;;;;;88,22674419;91,13372093;91,13372093;;
